# context<TAB>source<TAB>Fluent ID; generated by cargo xtask i18n generate
	(coming soon)	ui-coming-soon-cb79d10c9f9d57a0
	(print to the printer)	ui-print-to-the-printer-6f2f84952fccebdd
	+ Add variable	ui-add-variable-c4a401c42d0911dd
	10 fps	ui-10-fps-ec754e5fee173c1d
	100%	ui-100-b99e3955e3a3aaad
	15 fps	ui-15-fps-90234431c3f336ee
	16 Bits/Channel	ui-16-bits-channel-f3b06eed27714160
	180°	ui-180-220ddfafbb6cc300
	2-up Horizontal	ui-2-up-horizontal-10de5be5b9f4d975
	2-up Vertical	ui-2-up-vertical-e29e28b1ae07493f
	200%	ui-200-0474234cf06e07be
	24 fps	ui-24-fps-f05a784679b0a792
	25 fps	ui-25-fps-b881f50533244195
	3-up Horizontal	ui-3-up-horizontal-4c23efd3482104f6
	3-up Stacked	ui-3-up-stacked-bd2af67dd88044db
	3-up Vertical	ui-3-up-vertical-23e2ffe7af7c8d40
	30 fps	ui-30-fps-0e87e2ada40fc6d3
	30 frames @ 30 fps	ui-30-frames-30-fps-86855c252e2336e2
	32 Bits/Channel	ui-32-bits-channel-f66e2f0d081dadc2
	32-bit Preview Options…	ui-32-bit-preview-options-41614e86f687260a
	3D	ui-3d-d9797c186c351ec0
	3D LUT File	ui-3d-lut-file-099d498aef7fb061
	3D…	ui-3d-a1395013b29c3bbc
	4-up	ui-4-up-d91fc73e02cd5199
	6-up	ui-6-up-e29c4f2bcc87fe2f
	8 Bits/Channel	ui-8-bits-channel-e5870a445a1c6cef
	90° Clockwise	ui-90-clockwise-bcb7a9ba3b8b41aa
	90° Counter Clockwise	ui-90-counter-clockwise-6e80ca031db07a66
	A3	ui-a3-d86ffb186b532f0b
	A4	ui-a4-d87000186b53378a
	A5	ui-a5-d87001186b53393d
	ACES	ui-aces-123ec7ba01eeb4ab
	AI Integrations…	ui-ai-integrations-f070f4b441415ea4
	About PhotoCraft	ui-about-photocraft-8dbdbc34e86307aa
	Absolute	ui-absolute-399d4e250881b032
	Absolute Colorimetric	ui-absolute-colorimetric-00912dc5ebcebc34
	Accurate	ui-accurate-e115127d973fc78d
	Action	ui-action-9a6e97866e0a5fc5
	Actions	ui-actions-744b2f6cfba0a242
	Actual Color	ui-actual-color-c58799e26b36f35e
	Adaptive	ui-adaptive-4a328293e1b0dbd9
	Adaptive Wide Angle	ui-adaptive-wide-angle-c747abce58bf5c37
	Adaptive Wide Angle isn't open	ui-adaptive-wide-angle-isn-t-open-60102c691e7eab26
	Adaptive Wide Angle…	ui-adaptive-wide-angle-5a6f86033caf1d41
	Add	ui-add-18e4377e5ddc2b7a
	Add Layer Above to Selection	ui-add-layer-above-to-selection-77689815191c52cd
	Add Layer Below to Selection	ui-add-layer-below-to-selection-e4baf32d52b3cc6d
	Add Layer Mask	ui-add-layer-mask-b657b676905bb6f5
	Add Noise…	ui-add-noise-36bbf8f9704a7514
	Add Pins	ui-add-pins-f25f520adfc9d2a2
	Add Stop	ui-add-stop-222d40042180e9c6
	Add Vector Mask	ui-add-vector-mask-7f1110cfd50c277b
	Add a layer style	ui-add-a-layer-style-b914a2094abf44cd
	Add a mask  (from the selection; {key} inverts)	ui-add-a-mask-from-the-selection-key-invert-3393f29298ab1b62
	Add a mask  (from the selection; ⌥ inverts)	ui-add-a-mask-from-the-selection-inverts-b4c2c4b807d5f830
	Add an adjustment	ui-add-an-adjustment-61e7fb5dee73eca8
	Add disk	ui-add-disk-49c2a85823729ddb
	Add space after paragraph	ui-add-space-after-paragraph-8d433bc618644da4
	Add space before paragraph	ui-add-space-before-paragraph-b5705fff97b33fbd
	Add to	ui-add-to-521f6de1aa57d7f3
	Add to Sample	ui-add-to-sample-0cd5c503d0859b13
	Add to selection  ({key})	ui-add-to-selection-key-6677aa2346964f55
	Add to selection  (⇧)	ui-add-to-selection-36b933f5432559b8
	Add vector mask	ui-add-vector-mask-528ac69ac105b1fb
	Additional plugins folder	ui-additional-plugins-folder-31e042f477259996
	Adds grain to the soft edges of the brush tip.	ui-adds-grain-to-the-soft-edges-of-the-brus-011f33951d6e686b
	Adjust for Zoom	ui-adjust-for-zoom-ee0f0cb56fb207da
	Adjustment	ui-adjustment-2ad6aa1f697d9564
	Adjustment Layer	ui-adjustment-layer-834a12e7c6f16e69
	Adjustment Preview	ui-adjustment-preview-16cd984c18d323a8
	Adjustment layers have nothing to transform	ui-adjustment-layers-have-nothing-to-transf-6c5cc6d9bb99faaa
	Adjustment visible	ui-adjustment-visible-117568739b34362e
	Adjustments	ui-adjustments-48582a6040645615
	Adobe	ui-adobe-b6efc42f6df29076
	Adobe Every-line Composer	ui-adobe-every-line-composer-7e612f64c1113c28
	Adobe PDF Presets…	ui-adobe-pdf-presets-7996d15a05421a50
	Adobe RGB (1998)	ui-adobe-rgb-1998-093b5ad27993ab35
	Adobe RGB (1998) compatible	ui-adobe-rgb-1998-compatible-c35d5c585ff35f91
	Adobe Single-line Composer	ui-adobe-single-line-composer-254fd5690bfa27a3
	Adobe rgb	ui-adobe-rgb-927284010ee058b5
	Advanced	ui-advanced-8b4555fb47a8a281
	Advanced Blending	ui-advanced-blending-d716397c3b2ed0de
	Advanced Controls	ui-advanced-controls-80464d3462bdd445
	After (X)	ui-after-x-f271ba813b713b4c
	Again	ui-again-64f939286636001d
	Airbrush: keeps depositing paint while the pointer rests.	ui-airbrush-keeps-depositing-paint-while-th-765d6232b8ba8c71
	Airbrush: keeps painting while the pointer rests.	ui-airbrush-keeps-painting-while-the-pointe-8fc490651d920ad3
	Align	ui-align-307736ed010955a4
	Align and Distribute	ui-align-and-distribute-6eded25cb149c77c
	Align and distribute	ui-align-and-distribute-2fcd60949c7e135c
	Align horizontal centers	ui-align-horizontal-centers-b59418644d7b5402
	Align left edges	ui-align-left-edges-bf8d67cbc0005643
	Align right edges	ui-align-right-edges-9115675396aa8fd8
	Align with layer	ui-align-with-layer-30b4b8c9fe604349
	Align {what}	ui-align-what-b2a32a5fc1ceb586
	Aligned	ui-aligned-a0137ff31d0a4295
	Alignment	ui-alignment-40ae160a9e770aa8
	All	ui-all-18c90f7e5dc51fca
	All Caps	ui-all-caps-bd95058f066e700f
	All Layers	ui-all-layers-bf480d822a927800
	All Slices	ui-all-slices-c7482a9e09ce788d
	All User Slices	ui-all-user-slices-b2feb6daf80bbf88
	All shortcuts reset to Photoshop defaults.	ui-all-shortcuts-reset-to-photoshop-default-a3203301431072bf
	Allow agent control	ui-allow-agent-control-cc3d1921f8e24e1c
	Allow scripts to connect	ui-allow-scripts-to-connect-10051c8a6884aca7
	Alpha	ui-alpha-6dfd7ced24231d81
	Alt	ui-alt-18c9177e5dc52d62
	Alt-click to define a source point to clone from	ui-alt-click-to-define-a-source-point-to-cl-2228e77de216e323
	Alternates for Current Selection	ui-alternates-for-current-selection-5ffc93c126db3608
	Alternative	ui-alternative-5e22bc17c1d448fa
	Altitude	ui-altitude-074742fe1fc6d631
	Always	ui-always-708f9a0c043b4c2e
	Always create smart objects when placing	ui-always-create-smart-objects-when-placing-f474351a9f48ed99
	Always use pressure for opacity	ui-always-use-pressure-for-opacity-1e9578afcf0ee902
	Always use pressure for size	ui-always-use-pressure-for-size-d64c186313fb8678
	Amount	ui-amount-06ce2e017c351f2b
	Analysis	ui-analysis-2c20cd1b6a7a0ec1
	Anamorphic 2:1 (2)	ui-anamorphic-2-1-2-726f0be505a8bb59
	Anchor:	ui-anchor-a0ad95217456f9d4
	Android 1080p	ui-android-1080p-d0218ca5b0b425f9
	Angle	ui-angle-98480bdc2230deb6
	Angle Gradient	ui-angle-gradient-a076cc5dd1828536
	Angle Jitter	ui-angle-jitter-6f0724d3cae48510
	Angle:	ui-angle-f34ab30e190a27e4
	Animated zoom	ui-animated-zoom-dab074fc8c791625
	Answer the unsaved-changes prompt first	ui-answer-the-unsaved-changes-prompt-first-d6486f462d80e830
	Anti-Alias	ui-anti-alias-7375705dc1bc25c6
	Anti-alias	ui-anti-alias-b3b588f74fa6d366
	Anti-aliasing method	ui-anti-aliasing-method-ff59a9ad31503333
	Aperture	ui-aperture-7cddbf632652c88b
	Appearance	ui-appearance-96f551bda5577675
	Appearance (Layer Style)	ui-appearance-layer-style-eb9a62f511fc8d0a
	Apple RGB	ui-apple-rgb-b93c342181c17bc6
	Apple Watch 45mm	ui-apple-watch-45mm-b51f9e5f0f31c08f
	Applies at next launch.	ui-applies-at-next-launch-d3533a97eceb1f8c
	Apply	ui-apply-d7323c887b0a2951
	Apply Data Set…	ui-apply-data-set-b3a4d6ff5d0d3c41
	Apply Image…	ui-apply-image-2015946bb52cb344
	Apply Layer Comp	ui-apply-layer-comp-6aef8fe2a37a397b
	Apply Layer Mask	ui-apply-layer-mask-f52f96ef823c3c34
	Apply Per Tip	ui-apply-per-tip-e73ca01e139ed627
	Apply auto tone	ui-apply-auto-tone-adf66ec80e3a0b08
	Apply next selected layer comp	ui-apply-next-selected-layer-comp-ca9e279ca1f9d701
	Apply previous selected layer comp	ui-apply-previous-selected-layer-comp-33ca7b025928f79d
	Apply the pen's tilt and rotation to the tip shape	ui-apply-the-pen-s-tilt-and-rotation-to-the-40e38c1055935257
	Aqua	ui-aqua-84db3fb921271d37
	Arbitrary…	ui-arbitrary-03075fb6779ce4b9
	Arc	ui-arc-189a327e5d9dea81
	Arch	ui-arch-6beeb5b9135629eb
	Arrange	ui-arrange-94da23296a5ccf2d
	Art & Illustration	ui-art-illustration-ddca7eaad2b59a78
	Art History Brush	ui-art-history-brush-e952e985ff84aee4
	ArtCraft	ui-artcraft-fd64e8cb00cde0ce
	ArtCraft Website	ui-artcraft-website-4244608a3ecebc37
	Artboard	ui-artboard-515b8ca17d9d16ec
	Artboard Background Color	ui-artboard-background-color-34662bec0995f4d7
	Artboard Guides	ui-artboard-guides-d0463cdea1ff4e55
	Artboard from Group…	ui-artboard-from-group-7605c89367a22be1
	Artboard from Layers…	ui-artboard-from-layers-c8c4d5e273dc9a46
	Artboards to Files…	ui-artboards-to-files-5d4c87cc29b2033f
	Artboards to PDF…	ui-artboards-to-pdf-c9d446c27d71eb98
	Artboard…	ui-artboard-10810b97e0fef0c8
	Artist	ui-artist-db6afff8cbb64a68
	Ask	ui-ask-189d0a7e5d9fdc60
	Ask Before Saving Saved Embedded	ui-ask-before-saving-saved-embedded-8247206155b5612e
	Ask When Pasting	ui-ask-when-pasting-2ad4c16bef1c9384
	Ask before saving layered tiff	ui-ask-before-saving-layered-tiff-e15842b87fd0c3da
	Aspect Ratio	ui-aspect-ratio-232a5ce014982758
	Assign Profile…	ui-assign-profile-8354c307b3463439
	Assign working space	ui-assign-working-space-802072ca534b688f
	Audio	ui-audio-5e1ee8b2642f9f1b
	Author	ui-author-4ee0c69c163afe30
	Author:	ui-author-42ef8539c63daafe
	Auto	ui-auto-a5b5d9b93340662c
	Auto Clean Brush	ui-auto-clean-brush-b9bd276e275519b5
	Auto Color	ui-auto-color-d9ad4a4f990bb6cb
	Auto Contrast	ui-auto-contrast-9a9714970bf5f006
	Auto Erase	ui-auto-erase-8a68e4bc3af7d82e
	Auto Hide	ui-auto-hide-a778e2af88226044
	Auto Tone	ui-auto-tone-b0ded0d3730faa94
	Auto collapse icon panels	ui-auto-collapse-icon-panels-a5b44d4064376ba3
	Auto show hidden panels	ui-auto-show-hidden-panels-10d979553ed266c2
	Auto show home screen	ui-auto-show-home-screen-c05e3fe894f84850
	Auto-Align Layers…	ui-auto-align-layers-9b818d89a91e430a
	Auto-Blend Layers…	ui-auto-blend-layers-4fac28fd87302314
	Auto-Hide	ui-auto-hide-5e83d809ac4f1243
	Auto-Leading	ui-auto-leading-4cf311c55ab1efd3
	Auto-Select:	ui-auto-select-cca09c0e4bd20fdb
	Auto-leading %	ui-auto-leading-a1bdd5af972974c4
	Automate	ui-automate-846f7a3e78fb3639
	Automatically Create First Snapshot	ui-automatically-create-first-snapshot-613a2404994e2d62
	Automatically Create New Snapshot When Saving	ui-automatically-create-new-snapshot-when-s-1244c734037079e0
	Automatically level near-horizontal line segments	ui-automatically-level-near-horizontal-line-d6b35ffc717572a3
	Automatically straighten and level	ui-automatically-straighten-and-level-fadc85abe4f3cf56
	Automatically straighten near-vertical line segments	ui-automatically-straighten-near-vertical-l-1fc8332beb4fd266
	Autosave	ui-autosave-41b6af38917f1be9
	Autosave minutes	ui-autosave-minutes-55da000a43f21bc0
	Average	ui-average-5749253589c89852
	Avoid Widows/Orphans	ui-avoid-widows-orphans-be516b31016e31f3
	BLANK DOCUMENT PRESETS ({n})	ui-blank-document-presets-n-d0e843aa86912c17
	Background	ui-background-2a137b515a3839d3
	Background Color	ui-background-color-49e94602b77fb64c
	Background Contents	ui-background-contents-2aed1964d46cc287
	Background Eraser Tool	ui-background-eraser-tool-47d89ec8415f5ce5
	Background from Layer	ui-background-from-layer-e7dca704d0b2e2dc
	Balance	ui-balance-0c011e1007f8d04d
	Baseline	ui-baseline-74d81651c04049b0
	Baseline Shift	ui-baseline-shift-337e40e4e34543b4
	Baseline shift	ui-baseline-shift-73be597e712ff154
	Basic	ui-basic-9f769cf44186be37
	Batch…	ui-batch-dcf4b488f0fd6a57
	Beep when done	ui-beep-when-done-18c405bfc23ce7e3
	Before (Y)	ui-before-y-f33f79b67fe3dd26
	Begin recording	ui-begin-recording-ad1f24a21137ea5b
	Bend:	ui-bend-6e7e96d0d126742a
	Bevel & Emboss	ui-bevel-emboss-c0eeff11cdb861ee
	Bevel & Emboss…	ui-bevel-emboss-7a3fafe51db8ef3e
	Bicubic	ui-bicubic-d27a5c7585a96770
	Bicubic (smooth gradients)	ui-bicubic-smooth-gradients-940ec73166f1f5b2
	Bicubic automatic	ui-bicubic-automatic-b901c80120ba403f
	Bicubic sharper	ui-bicubic-sharper-083678c1cf6a1513
	Bicubic smoother	ui-bicubic-smoother-d198e2b2fd9d5919
	Bilinear	ui-bilinear-cbc115d7388ce8bb
	Bit depth	ui-bit-depth-06de2d1d054f09a7
	Bitmap	ui-bitmap-d55ea07f32437944
	Bitmap…	ui-bitmap-24bf2d9ee4019010
	Black	ui-black-49e5cb1e3f075426
	Black & White	ui-black-white-3409104e8d55c181
	Black & White…	ui-black-white-a94be71a8bf00ee7
	Black Point Compensation	ui-black-point-compensation-0384ce18be7270ee
	Black, White	ui-black-white-360948fe0a110557
	Blacks	ui-blacks-98cc796519744c6f
	Blend	ui-blend-6e128c1e53f35f56
	Blend If	ui-blend-if-7ad2aba688940595
	Blend Mode	ui-blend-mode-1d23e212a4d7c849
	Blend RGB Colors Using Gamma 1.0	ui-blend-rgb-colors-using-gamma-1-0-cf1ba612b5d349ab
	Blending	ui-blending-9e95eba57ae2afba
	Blending Options	ui-blending-options-598a933392b032a0
	Blending Options…	ui-blending-options-d6dcf4c4308fb5dc
	Blue	ui-blue-b4ac30b262e06f4b
	Blue, Red, Yellow	ui-blue-red-yellow-40e15f0f88591a3a
	Blues	ui-blues-e105f71e035cfc28
	Blur	ui-blur-b4ac45b262e092fa
	Blur Gallery	ui-blur-gallery-4ae0e7f02d30b300
	Blur More	ui-blur-more-f9f8e33fd48acf6f
	Blur Tool	ui-blur-tool-82c3cb0310f74d48
	Bold	ui-bold-9841d4b252180f48
	Bold Italic	ui-bold-italic-ab996b432667b548
	Border…	ui-border-63cb7a79f7bde62f
	Both	ui-both-9826b0b252010a64
	Both Axes	ui-both-axes-435ce184a29db821
	Bottom	ui-bottom-bada204837504c00
	Bottom Edges	ui-bottom-edges-80ce9c3631b189f2
	Box Blur…	ui-box-blur-2b37bcd95ec2938f
	Brightness	ui-brightness-91d9b1aa07255ac4
	Brightness Jitter	ui-brightness-jitter-a4c7790bd2cc5dba
	Brightness/Contrast	ui-brightness-contrast-50f7ae49abfa659f
	Brightness/Contrast…	ui-brightness-contrast-7783495fda2fbe79
	Bring Forward	ui-bring-forward-64ec317dd1b72830
	Bring the selected pin forward	ui-bring-the-selected-pin-forward-2b94434a1cc3f275
	Bring to Front	ui-bring-to-front-72c40e2910574795
	Browse…	ui-browse-a80bff394225f48b
	Brush	ui-brush-f1cb1e71d823613d
	Brush Pose	ui-brush-pose-3617230f221ac6a6
	Brush Preset picker	ui-brush-preset-picker-6265db6aad998442
	Brush Preview	ui-brush-preview-626c213d4519f731
	Brush Projection	ui-brush-projection-bce4beda3d4e9482
	Brush Reconstruct Options	ui-brush-reconstruct-options-2e49e2eb51fa8a45
	Brush Settings	ui-brush-settings-76232bbcda063dba
	Brush Settings…  (F5): every option of this brush	ui-brush-settings-f5-every-option-of-this-b-f47cf6b1d45235af
	Brush Size	ui-brush-size-6fd384f2373894fe
	Brush Tip	ui-brush-tip-47495e0f40c5a930
	Brush Tip Shape	ui-brush-tip-shape-88ee8675e9539125
	Brush Tool	ui-brush-tool-1dc80beb2f69c731
	Brush Tool Options	ui-brush-tool-options-316bdd41efd13f97
	Brush name	ui-brush-name-17e105a3dae09884
	Brush picker	ui-brush-picker-93597b7bd47683ad
	Brush preview color	ui-brush-preview-color-4d5fd3e58b163b62
	Brushes	ui-brushes-4f3c0629bfac6281
	Build-up	ui-build-up-71f14d913a8a86b5
	Bulge	ui-bulge-56b2405505aaa3ea
	Burn	ui-burn-eeb148b282fff846
	Burn Tool	ui-burn-tool-5ba1fbd1576d593c
	Byline	ui-byline-e19ab948673e8978
	Byline Title	ui-byline-title-5523c76157239ece
	CIE RGB	ui-cie-rgb-6772b54594aeb6a5
	CMYK Color	ui-cmyk-color-6474848b58934068
	CMYK:	ui-cmyk-f773041b5a755e37
	CPU (no GPU acceleration)	ui-cpu-no-gpu-acceleration-f522d4b7a01a1ee9
	Cache Level:	ui-cache-level-b5a2c6cca5aafb01
	Cache levels	ui-cache-levels-cd39aab8cb6f1916
	Cache tile size	ui-cache-tile-size-eea65213857c2ba6
	Calculations…	ui-calculations-f8cf42c631e4c883
	Camera Calibration	ui-camera-calibration-05bc84d7edceb424
	Camera Data	ui-camera-data-90b2af05c38e73b8
	Camera Make	ui-camera-make-47c9cb51fa207e7a
	Camera Model	ui-camera-model-6ca5e55ddcd82f7d
	Camera Raw Defaults	ui-camera-raw-defaults-86ed380d1b65ee74
	Camera Raw Filter…	ui-camera-raw-filter-29ed3a1dc4186978
	Camera Raw isn't open	ui-camera-raw-isn-t-open-99ad694093e909ed
	Camera Raw…	ui-camera-raw-59a4bcc86f4a5c96
	Cancel	ui-cancel-f09e4b5c35aa14b9
	Cancel (Esc)	ui-cancel-esc-6690b4a67d5c2651
	Cancel any current edits (Esc)	ui-cancel-any-current-edits-esc-42764b5a3f8f4c7f
	Cancel current crop operation  (Esc)	ui-cancel-current-crop-operation-esc-64acb78407270459
	Cancel opening	ui-cancel-opening-cc1f5260eb02da91
	Cancel transform (Esc)	ui-cancel-transform-esc-2dcaef78574324cd
	Cancel warp (Esc)	ui-cancel-warp-esc-fc5e7dca5e4deae5
	Cancelled opening {name}	ui-cancelled-opening-name-d857cae880738c8f
	Cancelled {label}	ui-cancelled-label-adf892a0ab848fc2
	Canvas	ui-canvas-92f4995c01125c6b
	Canvas Guides	ui-canvas-guides-a9b65ae5587cf3b4
	Canvas Size…	ui-canvas-size-4827b020a9d4529c
	Canvas border	ui-canvas-border-c9cbbe623ca4647b
	Canvas color	ui-canvas-color-a3b37d275c2ccf14
	Canvas custom color	ui-canvas-custom-color-ba2a91c9da41fa21
	Canvas extension color:	ui-canvas-extension-color-d384d74443dd0a55
	Canvas rotation	ui-canvas-rotation-f20552b22f125f53
	Caption	ui-caption-3e0fd4291b37d3ef
	Caption Credits	ui-caption-credits-1e7cb39d478a2d0d
	Capture	ui-capture-19dc15290645ad77
	Capture Comp	ui-capture-comp-2836ead1686dd5da
	Capture the visibility, position and style of every layer with + below, then switch between versions.	ui-capture-the-visibility-position-and-styl-8f22cdb1fbdec74a
	Cascade	ui-cascade-c23f311e1afc4997
	Catch-up on Stroke End	ui-catch-up-on-stroke-end-18126419b8e9e76e
	Category	ui-category-71f87b7b5851b653
	Center	ui-center-fd116aa3e2e5bd32
	Center Crop Marks	ui-center-crop-marks-383374e900158fce
	Center text	ui-center-text-f0eccbfa620172e5
	Centimeters	ui-centimeters-fcc3d26670f27d96
	Centre the gradient (offset 0, 0)	ui-centre-the-gradient-offset-0-0-e9e3321aa27fe051
	Chalk & Charcoal	ui-chalk-charcoal-870a56b8b5ae2cdf
	Change	ui-change-ca28c0145a211cbb
	Change All	ui-change-all-191a80051bff3898
	Change Screen Mode  (F)	ui-change-screen-mode-f-446946dc244de0a1
	Change To:	ui-change-to-d132ab0584e4182e
	Channel	ui-channel-f3238895531f739e
	Channel Mixer	ui-channel-mixer-ec1e80a50b4c99b3
	Channel Mixer…	ui-channel-mixer-2f8e64f826eedfed
	Channel:	ui-channel-44d4b9bc3e717fac
	Channels	ui-channels-44d502bc3e71fbb7
	Character	ui-character-daf6ff1f129c38e6
	Character Panel	ui-character-panel-9998e052a1533dd0
	Character Styles	ui-character-styles-a37ca3031cb65a8c
	Character Styles Panel	ui-character-styles-panel-29f2e80af7081ed2
	Charcoal	ui-charcoal-3ac73fdeb5d7e68c
	Check All Layers	ui-check-all-layers-7c3a128d7b80ec74
	Check Spelling	ui-check-spelling-fbe7cef21f6794d9
	Check Spelling…	ui-check-spelling-410126ab6df0156f
	Choke	ui-choke-d6529c3f23779321
	Choose…	ui-choose-235111aae73bc47a
	Chrome	ui-chrome-4232ba97c6ef7e41
	City	ui-city-92872bac97504f90
	Clarity	ui-clarity-d5bb2f8855648b2d
	Classic	ui-classic-54b7a381c44e2541
	Classic Theme	ui-classic-theme-6899235e0c76888c
	Clear	ui-clear-f10f4b1b4d6dc250
	Clear All	ui-clear-all-f619a8dd211a7463
	Clear Canvas Guides	ui-clear-canvas-guides-5abe95048a729525
	Clear Guides	ui-clear-guides-dc779eaf6e6528e1
	Clear History	ui-clear-history-0de1f75d1bae3ee8
	Clear Layer Style	ui-clear-layer-style-2e46522acfabe670
	Clear Override	ui-clear-override-def8811aa07aadc0
	Clear Recent Files	ui-clear-recent-files-130d21ced57f84bc
	Clear Samples	ui-clear-samples-ae8a121d0bc81373
	Clear Selected Artboard Guides	ui-clear-selected-artboard-guides-bcf5f50614491611
	Clear Slices	ui-clear-slices-0ed5aadb7420a613
	Clear Smart Filters	ui-clear-smart-filters-48da550cf14de2ca
	Click sets foreground · right-click sets background	ui-click-sets-foreground-right-click-sets-b-d786f06bd2bc79c2
	Click the first point or press {key} to close · Esc cancels	ui-click-the-first-point-or-press-key-to-cl-cf1a11db0036adc9
	Click the first point or press ↵ to close · Esc cancels	ui-click-the-first-point-or-press-to-close-e-e00f3960db7c7af9
	Click to add a point · drag off or {key}-click or Delete to remove	ui-click-to-add-a-point-drag-off-or-key-cli-d4aa0cefcb866a3a
	Click to add a point · drag off or ⌘/Ctrl-click or Delete to remove	ui-click-to-add-a-point-drag-off-or-ctrl-cl-ec3fdc06129027cd
	Click to add text	ui-click-to-add-text-b78b2772a89f1954
	Click to apply, {key}-click to clear overrides, double-click for Style Options	ui-click-to-apply-key-click-to-clear-overri-e66d3fc7065013f5
	Click to apply, ⌥-click to clear overrides, double-click for Style Options	ui-click-to-apply-click-to-clear-overrides-d-28117a61e76215ff
	Click to edit the gradient	ui-click-to-edit-the-gradient-14e67844a427ffaf
	Click to fill similar colours	ui-click-to-fill-similar-colours-d4ad82ceb74861df
	Click to restore the current colour	ui-click-to-restore-the-current-colour-a3089de9e10e7d4e
	Click to sample the foreground colour  ·  {key}-click for background	ui-click-to-sample-the-foreground-colour-ke-96a4f32b747b8180
	Click to zoom in  ·  {key}-click to zoom out  ·  drag right/left to zoom in/out	ui-click-to-zoom-in-key-click-to-zoom-out-d-86f98252869cedb8
	Click to zoom in  ·  ⌥-click to zoom out	ui-click-to-zoom-in-click-to-zoom-out-6b20ef8acafda9ed
	Click with the Note tool to add a note.	ui-click-with-the-note-tool-to-add-a-note-32cd19503d720141
	Click: corner · Drag: smooth · Click first point: close · {key} finish · Esc cancel	ui-click-corner-drag-smooth-click-first-poi-1551d2e2b2e3984d
	Click: corner · Drag: smooth · Click first point: close · ↩ finish · Esc cancel	ui-click-corner-drag-smooth-click-first-poi-8a10e3b6c4b3b5d9
	Clip to layer below	ui-clip-to-layer-below-65fed993dff9f7da
	Clipboard	ui-clipboard-147505c6002376e7
	Clipped	ui-clipped-74ee674fbd696c6a
	Clipping Path	ui-clipping-path-e903dc37276719a0
	Clone Source	ui-clone-source-ebc959ffa1910091
	Clone Stamp	ui-clone-stamp-ef5a041765c4c833
	Clone Stamp Tool	ui-clone-stamp-tool-0921b6497062951b
	Clone source {n} ({key}-click with Clone Stamp to set)	ui-clone-source-n-key-click-with-clone-stam-bc30b26f1c7d852d
	Close	ui-close-bac64c1b2e060ee5
	Close All	ui-close-all-b9b8cc91f7320fea
	Close Others	ui-close-others-0133b119b6af8f98
	Close Style Options	ui-close-style-options-9148bc9350d5767e
	Close Tab Group	ui-close-tab-group-6bb3935d8c45ed55
	Clouds	ui-clouds-32b9022f184a28bd
	Cmd	ui-cmd-0a21e77e563ab64d
	Coated CMYK	ui-coated-cmyk-de8df338b2eec31f
	Coerce to sRGB	ui-coerce-to-srgb-eccabb69f35e69f1
	Collapse	ui-collapse-dc79b0fb5845fbd4
	Collapse All Groups	ui-collapse-all-groups-5ff301b203e9556d
	Collapse Panel Group	ui-collapse-panel-group-0b3e67928f0a3581
	Collapse group  ({key}-click: all groups)	ui-collapse-group-key-click-all-groups-2f7ee741e4a57da5
	Collapse group  (⌥-click: all groups)	ui-collapse-group-click-all-groups-60433afac8b1f197
	Color	ui-color-8beb3c381fb2f1ce
	Color & Swatches	ui-color-swatches-ac06e00181a24994
	Color Adaptation	ui-color-adaptation-f7d5eb50532ba5ff
	Color Balance	ui-color-balance-681e6e384510defe
	Color Balance…	ui-color-balance-ad09dbcdb8757cee
	Color Blindness — Deuteranopia-type	ui-color-blindness-deuteranopia-type-5c1ac7ce9f5b28c2
	Color Blindness — Protanopia-type	ui-color-blindness-protanopia-type-5d96bb3a810241c2
	Color Burn	ui-color-burn-1aec0d11f2e1ce03
	Color Decontaminate…	ui-color-decontaminate-6e2cfc971b787f7c
	Color Detail	ui-color-detail-9cb6b9f3d321ac3b
	Color Dodge	ui-color-dodge-f88448dacfdbfb15
	Color Dynamics	ui-color-dynamics-5d9c8c9e8fcfbd6c
	Color Grading	ui-color-grading-c785f48913ed86c6
	Color Halftone…	ui-color-halftone-00498003570b206d
	Color Lookup	ui-color-lookup-2d35ea7e8955c46c
	Color Lookup Tables…	ui-color-lookup-tables-22c811917b118c37
	Color Lookup…	ui-color-lookup-ace2063f6ae35c48
	Color Management	ui-color-management-8124f1b0d9810b81
	Color Management Policies	ui-color-management-policies-53602ded008d5689
	Color Mixer	ui-color-mixer-e72dadff2d9d5663
	Color Mode	ui-color-mode-2e64700b23e29151
	Color Noise Reduction	ui-color-noise-reduction-d5279c75f03cc0b5
	Color Overlay	ui-color-overlay-3030d1a2fc13394a
	Color Overlay…	ui-color-overlay-e4ec9e391c16750a
	Color Priority	ui-color-priority-138e732eacbefb9e
	Color Profile	ui-color-profile-997217f0823061a7
	Color Range	ui-color-range-50f5b2b6eafe6017
	Color Range preview	ui-color-range-preview-46de84ea827ee767
	Color Range…	ui-color-range-de2ef764aea15ae1
	Color Replacement	ui-color-replacement-1fd9c85a92dd0166
	Color Settings…	ui-color-settings-1c8f18a9ed52e9c9
	Color Table…	ui-color-table-0f9a9c9eee34022e
	Color indicates	ui-color-indicates-0829a583f2dfe472
	Color picker	ui-color-picker-ac18daa6e6202218
	Color space	ui-color-space-295320d7c66be8c4
	Color:	ui-color-73a9475ddd11219c
	ColorMatch RGB	ui-colormatch-rgb-e79a082695b37f7c
	ColorSync	ui-colorsync-b283752ff4b5488d
	Colorize	ui-colorize-cc4a832f61eb6438
	Colors	ui-colors-73a9105ddd10c427
	Column width	ui-column-width-f4fd9415d597d819
	Columns	ui-columns-3da979c5c05c263a
	Combine Shapes	ui-combine-shapes-c189d49afb1040fa
	Comic Book	ui-comic-book-a09816b6e8cdc4d9
	Command	ui-command-e6057a870030cabc
	Commit Perspective Warp ({key})	ui-commit-perspective-warp-key-8198f3ea0f81adf0
	Commit Perspective Warp (↩)	ui-commit-perspective-warp-e21001a059fb15b4
	Commit Puppet Warp ({key})	ui-commit-puppet-warp-key-3b79f80e2cdc0be8
	Commit Puppet Warp (↩)	ui-commit-puppet-warp-d7f3e8f327cb019c
	Commit any current edits ({key})	ui-commit-any-current-edits-key-8b05d612cf5d7556
	Commit any current edits (⌘↩)	ui-commit-any-current-edits-9174862ac6edc854
	Commit current crop operation  ({key})	ui-commit-current-crop-operation-key-26049b5b3b7e0e80
	Commit current crop operation  (↵)	ui-commit-current-crop-operation-215aa202592dd798
	Commit transform ({key})	ui-commit-transform-key-2ac0ce7befd0a64c
	Commit transform (↩)	ui-commit-transform-168a2521fbef1058
	Commit warp ({key})	ui-commit-warp-key-57adce50dc5ae8a2
	Commit warp (↩)	ui-commit-warp-745cb2f0999c4236
	Compatibility	ui-compatibility-fb993b4366b6dae5
	Compose	ui-compose-000499e63b9865f1
	Concise	ui-concise-d7b424e8b03095f1
	Condensed	ui-condensed-514bf80cab6f5664
	Conditional Mode Change…	ui-conditional-mode-change-d54fc31ea7bbaf9c
	Conform	ui-conform-a4f74ad00fa62f5f
	Consolidate All to Tabs	ui-consolidate-all-to-tabs-8d663391c5754a08
	Constant	ui-constant-4420365bad346a4b
	Constrain proportions	ui-constrain-proportions-54c8756b1b38d41b
	Constraints ({n})	ui-constraints-n-bdf8685ee98ca7de
	Contact Sheet II	ui-contact-sheet-ii-df7664d53a4420b0
	Contact Sheet II…	ui-contact-sheet-ii-b0cd5637f7017acc
	Content-Aware	ui-content-aware-7333f7e07556580f
	Content-Aware Fill needs a selection on a pixel layer	ui-content-aware-fill-needs-a-selection-on-a-da74ef5ec81c2a5f
	Content-Aware Fill…	ui-content-aware-fill-1038822fb760672c
	Content-Aware Move	ui-content-aware-move-953a1d4c41e938cc
	Content-Aware Scale	ui-content-aware-scale-379439a63f8f33a9
	Contextual Alternates	ui-contextual-alternates-faff0187fc6570f3
	Contiguous	ui-contiguous-0db31a8029e64f7f
	Contract…	ui-contract-71881912515f0e4f
	Contrast	ui-contrast-353a0e552d0ae1e9
	Control port	ui-control-port-b70183f417f4a32b
	Control:	ui-control-ff31d8550dda67fe
	Conté Crayon	ui-cont-crayon-5e0b4f02a6ded4fb
	Convert Frames > Video Layers	ui-convert-frames-video-layers-639ba523c86fc695
	Convert document's colors to the working space	ui-convert-document-s-colors-to-the-working-24e27318813840de
	Convert for Smart Filters	ui-convert-for-smart-filters-c99281323b109d83
	Convert to Embedded	ui-convert-to-embedded-a31cc857d45e56db
	Convert to Grayscale	ui-convert-to-grayscale-077b911cd42b05d4
	Convert to Linked…	ui-convert-to-linked-ecc7a6eeb0f20990
	Convert to Paragraph Text	ui-convert-to-paragraph-text-edb044e207c1c4e0
	Convert to Point Text	ui-convert-to-point-text-0da8792cbede1108
	Convert to Profile…	ui-convert-to-profile-0d818aa74722f0ba
	Convert to Shape	ui-convert-to-shape-f9c6d0ebcfe58fda
	Convert to Smart Object	ui-convert-to-smart-object-e3cae5800f8ef641
	Convert to sRGB	ui-convert-to-srgb-9d06915d917f9ab1
	Convert to srgb	ui-convert-to-srgb-b37cd15e2f95af51
	Copies	ui-copies-51a486808d1b93b6
	Copper	ui-copper-9d20fe80b7293762
	Copy	ui-copy-83ceddac8fb7324e
	Copy Layer Style	ui-copy-layer-style-e68cff0a57a03ef6
	Copy Merged	ui-copy-merged-d4463ac1b034dac2
	Copyright	ui-copyright-946a7c4f2e90dc84
	Copyright Info URL	ui-copyright-info-url-75755e32eb105bc1
	Copyright Status	ui-copyright-status-f7ba12adba0168f6
	Copyright and Contact Info	ui-copyright-and-contact-info-8a3f42a79ad22177
	Copyrighted	ui-copyrighted-788b061aa2d0b375
	Corner Crop Marks	ui-corner-crop-marks-0bf86b15940411ea
	Corner radius	ui-corner-radius-97bd53a5d5687970
	Correction	ui-correction-07f5c477ab7d049f
	Could not transform: the layer is empty	ui-could-not-transform-the-layer-is-empty-bc5f9720a6d7e4d4
	Could not use Perspective Warp: the layer is empty	ui-could-not-use-perspective-warp-the-layer-e0a6f1bee3d7d137
	Could not use Puppet Warp: no opaque pixels	ui-could-not-use-puppet-warp-no-opaque-pixe-d55c31fbc151b683
	Could not use Puppet Warp: the layer is empty	ui-could-not-use-puppet-warp-the-layer-is-e-4d91a7c1bc9d33df
	Count	ui-count-c941513842a342a6
	Count Jitter	ui-count-jitter-7bc8891f624d0800
	Count Tool	ui-count-tool-641794e37049aa5c
	Count: {n}	ui-count-n-e59246e2db40bb84
	Country	ui-country-9e07eb5ff60fbf3f
	Create	ui-create-a30211799ecff867
	Create Clipping Mask	ui-create-clipping-mask-dab2a1401549f8a1
	Create Date	ui-create-date-970138cc61843099
	Create Droplet	ui-create-droplet-e92b2d5d40c22071
	Create Droplet…	ui-create-droplet-58018e388d321af7
	Create Layer	ui-create-layer-680d688801edc236
	Create Multiple Picture Packages	ui-create-multiple-picture-packages-333d36bb22741294
	Create Plane	ui-create-plane-de99e34027780935
	Create Snapshot	ui-create-snapshot-5fac2668f9475f0d
	Create Texture	ui-create-texture-6370025c65a11dd4
	Create Video Timeline	ui-create-video-timeline-c636e57fa50b0867
	Create Warped Text	ui-create-warped-text-967a2ee47e0dfec1
	Create Work Path	ui-create-work-path-99ad01c9f3921967
	Create a new count group	ui-create-a-new-count-group-56482ca0de5c2936
	Create a new document or open an existing file.	ui-create-a-new-document-or-open-an-existin-600129e06bf37224
	Create a new group	ui-create-a-new-group-44b6c47dd5114c99
	Create a new layer	ui-create-a-new-layer-2d1a31c33f5dd02b
	Create a new layer  (⇧⌘N)	ui-create-a-new-layer-n-76fb665da466fd6a
	Create new action	ui-create-new-action-acfefa25d3757fd1
	Create new brush from the current settings	ui-create-new-brush-from-the-current-settin-069da4ca6c0277c6
	Create new brush from these settings	ui-create-new-brush-from-these-settings-9082240d9a19d4ed
	Create new brush preset from the current settings	ui-create-new-brush-preset-from-the-current-148bd3b6ad675df3
	Create new channel	ui-create-new-channel-63a70a791fcb6d8a
	Create new count group	ui-create-new-count-group-6e92595b2956ebf9
	Create new document from current state	ui-create-new-document-from-current-state-8dc2fc4035bfc4ea
	Create new fill or adjustment layer	ui-create-new-fill-or-adjustment-layer-2bc446340f3c6a6b
	Create new gradient	ui-create-new-gradient-da448cbf9b15b11f
	Create new group	ui-create-new-group-0e2da49a211536da
	Create new layer	ui-create-new-layer-fdc628bbf95ac7ac
	Create new layer comp	ui-create-new-layer-comp-f085d352e3bd0e5b
	Create new path	ui-create-new-path-12b4c0c3a8ba16e4
	Create new pattern from the selection	ui-create-new-pattern-from-the-selection-52d621d30068f22c
	Create new set	ui-create-new-set-74546a2a2de5fde1
	Create new shape from the current path	ui-create-new-shape-from-the-current-path-0cc18054fa919f95
	Create new snapshot	ui-create-new-snapshot-249a9cbbc6a87cc3
	Create new style (from the selected type)	ui-create-new-style-from-the-selected-type-683f13baccb54adf
	Create new style from the selected layer	ui-create-new-style-from-the-selected-layer-538e544b12b2bb51
	Create new tool preset	ui-create-new-tool-preset-7d4d468ee6c87460
	Credit	ui-credit-89608979906480fe
	Crisp	ui-crisp-fcfd2c868a0710b2
	Crop	ui-crop-cc2381ac272ed155
	Crop Factor	ui-crop-factor-c5c586df19f3e660
	Crop Tool	ui-crop-tool-3541c104336373a9
	Crop and Straighten Photos	ui-crop-and-straighten-photos-d4c9bfc16ee75296
	Crosswise	ui-crosswise-40a1326301ee21b5
	Crystallize…	ui-crystallize-494e2e20637fb1a3
	Ctrl	ui-ctrl-991b9dac0a8b588e
	Current	ui-current-a6280b8d8bb7d590
	Current & Below	ui-current-below-1799f701288bc2cb
	Current Layer	ui-current-layer-530d0a7523724bb5
	Current Path	ui-current-path-e40850189ad141b7
	Current Size	ui-current-size-6d6ddf316c73c501
	Current Time	ui-current-time-7360f73c40643189
	Current Tool	ui-current-tool-61568c3c35f8630a
	Current Tool Only	ui-current-tool-only-9ab1db14411bfe68
	Cursors	ui-cursors-9905f886aad5710a
	Cursors…	ui-cursors-8156f9d54d5fd4ca
	Curve	ui-curve-f482485c579bf14e
	Curves	ui-curves-155231e8ddfaeaa7
	Curves…	ui-curves-d7d360ddb4bee011
	Custom	ui-custom-1a236fdd7e5ff32c
	Custom Pixel Aspect Ratio…	ui-custom-pixel-aspect-ratio-07f72205d30e0a49
	Custom Shape Tool	ui-custom-shape-tool-183aa3c7f0ae0715
	Custom Shapes	ui-custom-shapes-fa4c5ff9762b42be
	Custom dark	ui-custom-dark-d02136fca4cc1968
	Custom light	ui-custom-light-d0c46f600e83cca8
	Custom pattern	ui-custom-pattern-8e0657d500550b36
	Custom…	ui-custom-845558bad6526c08
	Cut	ui-cut-09cfc77e55f475c5
	Cyan	ui-cyan-097690ac4a1ce224
	Cyan  ·  Red	ui-cyan-red-90bb919c7ee7207e
	Cyans	ui-cyans-315a2bc1ef1499d5
	Cycle Screen Mode	ui-cycle-screen-mode-42f43477ff963284
	D1/DV NTSC (0.91)	ui-d1-dv-ntsc-0-91-b29986a5d834c92c
	D1/DV NTSC Widescreen (1.21)	ui-d1-dv-ntsc-widescreen-1-21-dfb743d8401e46d5
	D1/DV PAL (1.09)	ui-d1-dv-pal-1-09-449049d6eafa69c9
	D1/DV PAL Widescreen (1.46)	ui-d1-dv-pal-widescreen-1-46-782c281ca678451b
	DCI 4K	ui-dci-4k-4d1a004d89b7a886
	DVCPRO HD 1080/HDV 1080 (1.5)	ui-dvcpro-hd-1080-hdv-1080-1-5-dc5d7f2089dc10f3
	Dark	ui-dark-1f7295a06447be87
	Dark gray	ui-dark-gray-18764f09bb370c3a
	Darken	ui-darken-a1fc662b2b849eb8
	Darker Color	ui-darker-color-7874c6c27c279e1b
	Darks	ui-darks-b773338a65e9789c
	Dashed lines	ui-dashed-lines-26a37526cb7ea0dd
	Data Sets	ui-data-sets-f7abe7d24d8d8850
	Data Sets as Files…	ui-data-sets-as-files-e7ef7fd518bcd509
	Data Sets…	ui-data-sets-47b3db455d3b92ac
	Date Created	ui-date-created-36f129c9e9b2366f
	DateTime Original	ui-datetime-original-156e819149b2056d
	De-Interlace…	ui-de-interlace-d0d966f05f09db74
	Default	ui-default-ab2a3d4ef1c9d1a8
	Default Features	ui-default-features-5afc3e0f6e30c7ff
	Default Photoshop Size	ui-default-photoshop-size-86c00542f2645621
	Default colours (D)	ui-default-colours-d-702fa2ae170283a6
	Default printer	ui-default-printer-4c55958efe32b804
	Default restored.	ui-default-restored-5dba279bbf11e35c
	Defaults restored.	ui-defaults-restored-1af78db9c43b93f1
	Define	ui-define-b1c12701c8f5cbcc
	Define Brush Preset…	ui-define-brush-preset-9b549974dddc0c7d
	Define Custom Shape…	ui-define-custom-shape-8c92bdfb9e2d2efe
	Define Pattern…	ui-define-pattern-039f7a4db6562b96
	Define at least one variable first.	ui-define-at-least-one-variable-first-9b31bff714cee1e0
	Define…	ui-define-4628b48c2bb942e8
	Defringe…	ui-defringe-5566149a2a673a5d
	Dehaze	ui-dehaze-622eced1257d8a96
	Delete	ui-delete-af3196ad6b727abc
	Delete All Empty Layers	ui-delete-all-empty-layers-261b6232e0a29af4
	Delete Brush	ui-delete-brush-c1bc99e90e0b31e4
	Delete Cropped Pixels	ui-delete-cropped-pixels-0d87be0d9eb46134
	Delete Filter Mask	ui-delete-filter-mask-a79a7532433b86ea
	Delete Frame	ui-delete-frame-4ed4c721747f9ad1
	Delete Group	ui-delete-group-69cde2a4a0964f07
	Delete Layer	ui-delete-layer-58b835e7900721e1
	Delete Layer Mask	ui-delete-layer-mask-0f007ecddce73047
	Delete Layers	ui-delete-layers-c8252a79bc1e0b16
	Delete Layer…	ui-delete-layer-9c44a8871ea98f07
	Delete Path	ui-delete-path-86750fe9fc4b3e43
	Delete Pins	ui-delete-pins-4217b0e9d5d66350
	Delete Preset…	ui-delete-preset-6575e4428ebb4fa5
	Delete Shortcut	ui-delete-shortcut-442a6d5adb064c76
	Delete Smart Filters	ui-delete-smart-filters-10171a17a74fd566
	Delete Snapshot	ui-delete-snapshot-4cf5a2d000ab3820
	Delete Timeline	ui-delete-timeline-bc28db3359bef037
	Delete Tool Preset	ui-delete-tool-preset-e7022a3b74746641
	Delete Vector Mask	ui-delete-vector-mask-2f6abcde7690aea5
	Delete Workspace	ui-delete-workspace-92e03fd75a8b3fc1
	Delete Workspace…	ui-delete-workspace-4303a45229af8e27
	Delete brush	ui-delete-brush-817c814f80208444
	Delete count group	ui-delete-count-group-550126fd78faba88
	Delete current channel	ui-delete-current-channel-aaa9fc46a62e78ca
	Delete current state	ui-delete-current-state-c41ce9df8de24134
	Delete effect layer	ui-delete-effect-layer-de823016e551d4c8
	Delete layer	ui-delete-layer-1a6614f7c97cba41
	Delete layer comp	ui-delete-layer-comp-b347f287c8136bb0
	Delete note	ui-delete-note-784852a973c28420
	Delete path	ui-delete-path-078810f115bd0723
	Delete selected measurements	ui-delete-selected-measurements-3898f3ae862d69ea
	Delete style	ui-delete-style-fe9f6ec496f11af9
	Delete tool preset	ui-delete-tool-preset-c6b1a864e5ac0481
	Delete vector mask	ui-delete-vector-mask-c5cfc02dd5a473a5
	Density	ui-density-58e9ad6f5cc15351
	Density:	ui-density-d6651f3a9c80bed1
	Depth	ui-depth-cf3ea6a93f3185b8
	Depth Jitter	ui-depth-jitter-b37e3880f2f01a3e
	Desaturate	ui-desaturate-bbca078397df6b65
	Desaturate Monitor Colors By	ui-desaturate-monitor-colors-by-b535020b6e5b8046
	Description	ui-description-7da8ea3426ca11d3
	Deselect	ui-deselect-c5f92e01f57d99b4
	Deselect All	ui-deselect-all-23357f9b97e063c7
	Deselect Layers	ui-deselect-layers-932828cdb2e9f63e
	Despeckle	ui-despeckle-3dd581fb7804346f
	Destination	ui-destination-77ce6f2068dec3d5
	Detail	ui-detail-e37b6e77e326131e
	Detailed	ui-detailed-24dd2bea4b55d99f
	Detect Faces	ui-detect-faces-28e65e36e8c3c20e
	Diameter:	ui-diameter-81bc689924f8c26e
	Diamond	ui-diamond-da3fa4d1e0537eed
	Diamond Gradient	ui-diamond-gradient-bd1721ae5b6bae3b
	Difference	ui-difference-1a4cde7bc40e78f0
	Difference Clouds	ui-difference-clouds-508dec0aa8783316
	Diffuse…	ui-diffuse-585924bb4f4d6c79
	Diffusion	ui-diffusion-e0403dd330732b46
	Digits	ui-digits-72180221d8a9aa81
	Dimensions:	ui-dimensions-386a913fe68e1aec
	DirectX 12	ui-directx-12-6fc62394f76021bd
	Direction	ui-direction-81307b3923006e18
	Direction of Stroke	ui-direction-of-stroke-0e65ad01cf66ef03
	Disable Filter Mask	ui-disable-filter-mask-48008952f16dfc93
	Disable Layer Mask	ui-disable-layer-mask-3b0148ac5d668494
	Disable Smart Filters	ui-disable-smart-filters-1c2828fc60d54fff
	Discard the embedded profile (don't color manage)	ui-discard-the-embedded-profile-don-t-color-a56145704ff2595e
	Discontiguous	ui-discontiguous-d45dcce1dd7b6859
	Discord	ui-discord-24d9ec8219751a5d
	Discretionary Ligatures	ui-discretionary-ligatures-4bf0020817771f63
	Disks	ui-disks-a9effccc7ecc85e7
	Dismiss	ui-dismiss-99e04fd596109f5d
	Displace…	ui-displace-33641f239f293a9c
	Display P3	ui-display-p3-ffc2ae2aee0e84f4
	Display Text	ui-display-text-4b0c27f14737ae9e
	Display p3	ui-display-p3-ff55ae2aedb1b314
	Dissolve	ui-dissolve-16222681b3f9df04
	Distance	ui-distance-7f937fde8e68e938
	Distort	ui-distort-962dea169ca11c36
	Distribute	ui-distribute-02fde1a3b3be0e84
	Dither	ui-dither-7b21c9863aa04d13
	Divide	ui-divide-ba244392ef88b966
	Divide…	ui-divide-e191fe151ff16466
	Do you want to save the changes you made to “{name}” before closing?	ui-do-you-want-to-save-the-changes-you-made-17c3f819cb1205b5
	Do you want to save the changes you made to “{name}” before quitting?	ui-do-you-want-to-save-the-changes-you-made-202da0c8f6b3e763
	Do you want to save you made to “{name}” before quitting?	ui-do-you-want-to-save-you-made-to-name-bef-5d145da7c1a07471
	Doc: {flat}/{layered}	ui-doc-flat-layered-d1f0265a090cb9bd
	Doc: {w} × {h} px	ui-doc-w-h-px-50fdf406f12771ce
	Document	ui-document-a97acad20fc7786a
	Document Bounds	ui-document-bounds-22aa4578ff3193ff
	Document Dimensions	ui-document-dimensions-d7f948c8dbf20b07
	Document Profile	ui-document-profile-8f7f063165cf89c3
	Document Size	ui-document-size-ec99a3bb860eb85f
	Document Sizes	ui-document-sizes-17c963a4cb02f2c4
	Dodge	ui-dodge-a91837fc641e00f6
	Dodge Tool	ui-dodge-tool-adf6f6943af6246c
	Dodge/Burn	ui-dodge-burn-430dff5bd3396d92
	Don't Save	ui-don-t-save-f65079b9d9723570
	Done	ui-done-96b2b5a0a740ba8b
	Dots	ui-dots-970ac3a0a78b482b
	Double click layer mask launches select and mask	ui-double-click-layer-mask-launches-select-a-22efb608b3f5aa5f
	Down	ui-down-9707b0a0a788f20b
	Drag (lasso) or click points (polygonal) · {add} add · {sub} subtract	ui-drag-lasso-or-click-points-polygonal-add-71afddda665b962c
	Drag a crop box · drag inside to move · edges resize ({ratio} ratio, {centre} centre) · Space moves while drawing · {commit} commits · Esc cancels	ui-drag-a-crop-box-drag-inside-to-move-edge-e566d06268582827
	Drag a rectangle around the object	ui-drag-a-rectangle-around-the-object-697b9c2e08d6e422
	Drag on the image to add a constraint; Shift for horizontal/vertical; right-click to delete.	ui-drag-on-the-image-to-add-a-constraint-sh-dbf9e334d0848ca1
	Drag the arrow to set the angle, the dots to set the roundness	ui-drag-the-arrow-to-set-the-angle-the-dots-f3fe7ea3402ffeb6
	Drag to draw a gradient	ui-drag-to-draw-a-gradient-e804a223c6a4cbd1
	Drag to move the active layer	ui-drag-to-move-the-active-layer-90be14be5bed513b
	Drag to move the active shape's path or the Work Path	ui-drag-to-move-the-active-shape-s-path-or-t-d2d5627dfacf5d5a
	Drag to move the layer	ui-drag-to-move-the-layer-25d94387be5f6a0d
	Drag to pan  ·  hold Space with any tool	ui-drag-to-pan-hold-space-with-any-tool-ab3bf717c77e37e9
	Draw with the Pen tool (P) or make a work path from a selection.	ui-draw-with-the-pen-tool-p-or-make-a-work-p-f4d28aa116a80393
	Drop Shadow	ui-drop-shadow-f8503ec97aa9876a
	Drop Shadow…	ui-drop-shadow-78382b6090e1266a
	Drop an image or PSD anywhere to open it.	ui-drop-an-image-or-psd-anywhere-to-open-it-075c8229425c5805
	Drop shadow	ui-drop-shadow-373d11d86ce48f4a
	Dual Brush	ui-dual-brush-2f0c9c277dcf4fe1
	Duotone	ui-duotone-4f8cfb520b8b99c5
	Duotone…	ui-duotone-7ac4f79e07d5797b
	Duplicate	ui-duplicate-f94b553491159a80
	Duplicate Frame	ui-duplicate-frame-82517e92355a542d
	Duplicate Layer Comp	ui-duplicate-layer-comp-800448bbc5af9c7c
	Duplicate Layers…	ui-duplicate-layers-5a7a27c703148b52
	Duplicate Layer…	ui-duplicate-layer-14af5c3fa0d3f69b
	Duplicate Path	ui-duplicate-path-68a3014397e46207
	Duplicate style	ui-duplicate-style-13473f7d06c82525
	Duplicated selection name	ui-duplicated-selection-name-1da6988da4316d7d
	Duplicate…	ui-duplicate-52bbcaf82d986d7c
	Duration	ui-duration-7110eeef2b77963b
	Dust & Scratches…	ui-dust-scratches-13f59bd1110d2795
	Dynamic color sliders	ui-dynamic-color-sliders-4a133e92694fc441
	Dynamics	ui-dynamics-78fe326d05a35b65
	EXIF	ui-exif-36ce659b4ac21a75
	EXIF Version	ui-exif-version-f5ef531100f1bcd1
	East Asian Features	ui-east-asian-features-7cdeca9fd9daadc1
	East asian	ui-east-asian-21331d591ce3ee32
	Edge	ui-edge-b9114a9a725e21ba
	Edit	ui-edit-b90a279a7257c793
	Edit Contents	ui-edit-contents-5ea013e4ab34b0c7
	Edit Pins	ui-edit-pins-0e5874a633e4c081
	Edit Plane	ui-edit-plane-49bb7193ccfb0ca9
	Edit Toolbar…	ui-edit-toolbar-a11e5956c01bb540
	Edit in Quick Mask Mode	ui-edit-in-quick-mask-mode-c16ae76f34532002
	Edit in Quick Mask Mode  (Q)	ui-edit-in-quick-mask-mode-q-db7789a2b660e3cc
	Edit in Standard Mode  (Q)	ui-edit-in-standard-mode-q-bbbe310f07228224
	Effect cache mb	ui-effect-cache-mb-b8602a7895e3baab
	Effects	ui-effects-fed483e64de023cb
	Efficiency	ui-efficiency-2f19c0f1b3140886
	Efficiency: 100%	ui-efficiency-100-e01e1d2574731f1e
	Ellipse Tool	ui-ellipse-tool-a3f1cf3ebb64d6bb
	Elliptical Marquee Tool	ui-elliptical-marquee-tool-74d5045149d18fa6
	Email	ui-email-6ecda634d3fe08ad
	Embed Color Profile	ui-embed-color-profile-2f60eb25ad778356
	Embed profiles	ui-embed-profiles-b650860fa7bf761a
	Embedded Profile Mismatch	ui-embedded-profile-mismatch-4db32743c6add27c
	Emboss	ui-emboss-aa0637dc64e48258
	Emboss…	ui-emboss-8053988efda08604
	Enable Layer Mask	ui-enable-layer-mask-7fc5abd57d183cf3
	Enable Smart Filters	ui-enable-smart-filters-7dde9c98faad6ed2
	Enable Timeline Quick Config	ui-enable-timeline-quick-config-e3ace95f14b4eea6
	Enable Vector Mask	ui-enable-vector-mask-32f5ee07940742d9
	Enable airbrush-style build-up effects	ui-enable-airbrush-style-build-up-effects-af53aa74431ae4d4
	Enable flick panning	ui-enable-flick-panning-08f38d41734f400a
	Enable floating document window docking	ui-enable-floating-document-window-docking-97ea6e517a415c60
	Enable narrow options bar	ui-enable-narrow-options-bar-edfef2a64beba948
	Enabled	ui-enabled-d9b22a6b63054364
	Enhance Edge	ui-enhance-edge-04e4bf80167f06e0
	Enhanced Controls	ui-enhanced-controls-4cfaf718b1753869
	Enhanced Controls…	ui-enhanced-controls-c67bee390a44a39f
	Enter description…	ui-enter-description-fae4b577c04ffd6b
	Entire Font	ui-entire-font-57a73376bb76bb23
	Entropy	ui-entropy-8ef88801fc47908c
	Equalize	ui-equalize-5c1b8a1fdb97f9ed
	Erase	ui-erase-20b952054a00b9a3
	Eraser	ui-eraser-9ba02ffcbf3bbe23
	Eraser Tool	ui-eraser-tool-d152c552b5e0ef0b
	Error	ui-error-9ec3e20500624aaf
	Error File	ui-error-file-32ff0723f85f2afb
	Errors	ui-errors-2923ea7fa70533d4
	Esc to cancel	ui-esc-to-cancel-4917f17b21674f91
	Essentials	ui-essentials-cbc9b4f4e79d6852
	Exact	ui-exact-895c90d47d2a44ce
	Exclude Overlapping Shapes	ui-exclude-overlapping-shapes-a4c24fce67970dce
	Exclusion	ui-exclusion-849260ea5e130fc1
	Exit	ui-exit-2132139aad658aff
	Expand	ui-expand-ef9dbb8db9bca87f
	Expand All Groups	ui-expand-all-groups-f86177d7bd4342dc
	Expand Panel Group	ui-expand-panel-group-04adb68dc05803ee
	Expand group  ({key}-click: all groups)	ui-expand-group-key-click-all-groups-6b17b71bda7d0918
	Expand group  (⌥-click: all groups)	ui-expand-group-click-all-groups-8540310bc6a64eae
	Expand…	ui-expand-dd313ed2d888bf19
	Expansion:	ui-expansion-c8c501e131a7b126
	Export	ui-export-0179318dc40118ed
	Export As…	ui-export-as-e134d6c030fdf97d
	Export Contents…	ui-export-contents-698c97159c4e37df
	Export Preferences…	ui-export-preferences-6fca90d88bfd2b35
	Export Presets	ui-export-presets-6169cc0549331909
	Export clipboard	ui-export-clipboard-ff172026ac521f5f
	Export selected measurements (CSV)	ui-export-selected-measurements-csv-0eb0251cb8ea2998
	Export/Import Presets…	ui-export-import-presets-6f7740884e56a1ed
	Export…	ui-export-0b433287f5936e73
	Exposure	ui-exposure-d0f5f8782db60d4e
	Exposure Program	ui-exposure-program-d19eb0ad9edd275a
	Exposure and Gamma	ui-exposure-and-gamma-8513b6bf2c39f106
	Exposure:	ui-exposure-c802a835ac58dc1c
	Exposure…	ui-exposure-96cd8f1e31d26ade
	Extensions	ui-extensions-3f41c5a887c301e1
	Extra Bold	ui-extra-bold-ec95cafd5498d402
	Extra Large	ui-extra-large-7b08aa30fdee9648
	Extra Light	ui-extra-light-9e4f57ea6990fba3
	Extra large	ui-extra-large-914d919288053da8
	ExtraBold	ui-extrabold-d797c053724b9c04
	ExtraLight	ui-extralight-bfbec65b923f0ded
	Extras	ui-extras-0a7175b08c4cd3b0
	Extrude…	ui-extrude-f6557151eaa73968
	Eyedropper	ui-eyedropper-3a95c584b91b510c
	Eyedropper Tool	ui-eyedropper-tool-582fc790d038817e
	F	ui-f-08324207b4eaf8fb
	Facet	ui-facet-ce1f6333d33623e6
	Factor:	ui-factor-cedf668562a18afe
	Fade	ui-fade-de58ef8fb6e3e4a1
	Fade steps	ui-fade-steps-5060837f2c2c5786
	Fade…	ui-fade-71d6c6a949b804c7
	Fast	ui-fast-de99d08fb71b46e9
	Faux Bold	ui-faux-bold-9ee5b3e65770d02a
	Faux Italic	ui-faux-italic-340ceb71aaa30719
	Feather	ui-feather-2e85a6a1b4fad6f6
	Feather…	ui-feather-07b4f3443e8e2f96
	Fewer Points	ui-fewer-points-07c53ddedbaf272b
	Fibers…	ui-fibers-4b00b90a9931d194
	Field Blur…	ui-field-blur-c3da37b01587296e
	File	ui-file-9a01878f90736611
	File Handling	ui-file-handling-2898a6b0573f377e
	File Handling…	ui-file-handling-b53d57449f9d216e
	File Info…	ui-file-info-fe039bbeb6ab3c21
	File Naming	ui-file-naming-273185c0a8199c23
	File Settings	ui-file-settings-5bef965ee33cea2e
	File path	ui-file-path-f3ae865c4f4ca8c4
	Fill	ui-fill-9a017e8f907356c6
	Fill Content	ui-fill-content-3ae9184569d9ebcb
	Fill Layer	ui-fill-layer-ed1a89e942e1517f
	Fill Light	ui-fill-light-7c6733a773777d56
	Fill Opacity	ui-fill-opacity-d2845a79e831f763
	Fill Path	ui-fill-path-efc74479f9ba4931
	Fill new type layers with placeholder	ui-fill-new-type-layers-with-placeholder-5d979cdb113aafff
	Fill path with foreground color	ui-fill-path-with-foreground-color-e0a40f352bac250b
	Fill:	ui-fill-23e109f273fcce34
	Fill…	ui-fill-363a0aa33870e306
	Film & Video	ui-film-video-560f45773f06554c
	Filter	ui-filter-c499fefb8cc28f79
	Filter Gallery…	ui-filter-gallery-7a845db04a3c1891
	Filter for adjustment layers	ui-filter-for-adjustment-layers-4986f975eb9c31ed
	Filter for pixel layers	ui-filter-for-pixel-layers-e62db4f3e0a5953c
	Filter for shape layers	ui-filter-for-shape-layers-4717b6e9a54f028f
	Filter for smart objects	ui-filter-for-smart-objects-0aeb687e8e895953
	Filter for type layers	ui-filter-for-type-layers-38bd883fbd07ab10
	Filter:	ui-filter-d43b88702e996ed9
	Find Edges	ui-find-edges-9d036a4a822f9306
	Find Layers	ui-find-layers-52e62ce328cf16ae
	Find and Replace Text…	ui-find-and-replace-text-be90389313cc48b0
	Finger Painting	ui-finger-painting-4cf24cf68f092daa
	First Color Readout	ui-first-color-readout-5e29d6e7c4691ee4
	First Line Indent	ui-first-line-indent-ba6c308158193bcf
	Fish	ui-fish-99baa48f903794b5
	Fisheye	ui-fisheye-0b302677014d302a
	Fit	ui-fit-ed694a7e452fc686
	Fit Artboard on Screen	ui-fit-artboard-on-screen-1f4a20b801bd81ba
	Fit Image…	ui-fit-image-4a08669251f81941
	Fit Layer(s) on Screen	ui-fit-layer-s-on-screen-97e79fa5649bfa36
	Fit Screen	ui-fit-screen-43eef5ff790d232e
	Fit in View	ui-fit-in-view-92196ed2092dd182
	Fit on Screen	ui-fit-on-screen-02f0e348de6e1d05
	Fixed	ui-fixed-bb4ef1f2389423fb
	Fixed Ratio	ui-fixed-ratio-336b1393c344f288
	Fixed Size	ui-fixed-size-5659f2e446e849d0
	Flag	ui-flag-c540728fa8edcc81
	Flame…	ui-flame-cc1886f1530245e2
	Flash	ui-flash-1a26bb1c0bf06ecf
	Flatten All Layer Effects	ui-flatten-all-layer-effects-a55ac1a57fe25247
	Flatten All Masks	ui-flatten-all-masks-955cd7d9646982dd
	Flatten Frames Into Clips	ui-flatten-frames-into-clips-469ac076d2065a74
	Flatten Frames Into Layers	ui-flatten-frames-into-layers-25329b55f5d4337b
	Flatten Image	ui-flatten-image-f50ab81b0b01d49a
	Flip	ui-flip-c55b538fa9045f8c
	Flip Canvas Horizontal	ui-flip-canvas-horizontal-df656e3f2c334b50
	Flip Canvas Vertical	ui-flip-canvas-vertical-2feab0174017757a
	Flip Horizontal	ui-flip-horizontal-46d0ebbcbd11f28c
	Flip Vertical	ui-flip-vertical-b40a32988287497e
	Flip X	ui-flip-x-1afa76e9b1e09294
	Flip X Jitter	ui-flip-x-jitter-0ea4c8aa91bd374a
	Flip Y	ui-flip-y-1afa77e9b1e09447
	Flip Y Jitter	ui-flip-y-jitter-d13b18578906d4d3
	Float All in Windows	ui-float-all-in-windows-65bca24a36ad543a
	Float in Window	ui-float-in-window-96e9f41d9d1ef30a
	Flow	ui-flow-c554628fa8fe5a5b
	Flow Jitter	ui-flow-jitter-995e89a6aaf884b7
	Focal Length	ui-focal-length-d4e7f1c845b67134
	Focal Length35mm	ui-focal-length35mm-0749b496cfd26d5e
	Focus Area…	ui-focus-area-d8b97e81ca07cb4e
	Font	ui-font-a898d88f97f15506
	Font Preview Size	ui-font-preview-size-1217f11ac241a2b3
	Font Size:	ui-font-size-0e89b2d6970679b3
	Font preview	ui-font-preview-de9cae9e061a272e
	Font size	ui-font-size-895dad4ca5641c1b
	Foreground	ui-foreground-fff61f5769e5eef6
	Foreground to Background	ui-foreground-to-background-4fba9c133f9b2f4d
	Foreground/Background Jitter	ui-foreground-background-jitter-a3277e3862e2de93
	Format	ui-format-1ebc977984499408
	Fractions	ui-fractions-93b682ed24514d4e
	Fragment	ui-fragment-409a743ef3a2711f
	Frame Duration	ui-frame-duration-3aaf94257bf41e24
	Frame Sync	ui-frame-sync-0895ca043d86e08f
	Frame from Layers	ui-frame-from-layers-4027202c18d8813e
	Frame from Layers…	ui-frame-from-layers-03291d8005885e2e
	Frame {current} / {total}	ui-frame-current-total-70d28f347f693aa4
	Free	ui-free-4a56168f62d774bd
	Free Transform	ui-free-transform-a8cf176a3d7df4a9
	Free Transform a Copy	ui-free-transform-a-copy-fd96c92a83162c07
	From	ui-from-4a340a8f62ba79f3
	From Transparency	ui-from-transparency-72b17acb155833bb
	Full HD Portrait	ui-full-hd-portrait-39a9f8c4e7cf39c5
	Full Screen Mode	ui-full-screen-mode-ebd524f582ec9d2d
	Full Screen Mode With Menu Bar	ui-full-screen-mode-with-menu-bar-2562bda5b1e8119f
	Full Spherical	ui-full-spherical-d0d53c42c57786a9
	Full size tip	ui-full-size-tip-bc2207df85a00062
	Fuzziness:	ui-fuzziness-d61304ecce1c1e20
	GPS	ui-gps-e5810c7e40eb8e61
	GPU	ui-gpu-e5810e7e40eb91c7
	GPU backend	ui-gpu-backend-a51229d75e0f316f
	Gamma Correction	ui-gamma-correction-ef3cb6870346b5d4
	Gamma:	ui-gamma-d18e65af0ca8587a
	Gamut Warning	ui-gamut-warning-f767c4413e73540b
	Gamut warning color	ui-gamut-warning-color-00c2bcd7d09e4414
	Gamut warning opacity	ui-gamut-warning-opacity-9766c22364dd11aa
	Gaussian Blur…	ui-gaussian-blur-ef70285513a515a7
	General	ui-general-0a9476d2daf58cb5
	General Blend	ui-general-blend-1c444e2d1a279106
	General Brushes	ui-general-brushes-bc09160b14c1b7f1
	General…	ui-general-38ea24dae053148b
	Generate	ui-generate-efb7c84a0f2798e8
	Generator enabled	ui-generator-enabled-b3a829c60d39dd85
	Gif	ui-gif-e5a0317e41067dcf
	GitHub	ui-github-48677f394ba87a2c
	Global	ui-global-dc75eeba4492bce4
	Global Light…	ui-global-light-48a5795aa3f3470c
	Glossy	ui-glossy-48fe4eb9f0fc7d4a
	Glow Color	ui-glow-color-772e4e38cbf4d5a1
	Glyph	ui-glyph-3638b606114960bf
	Glyph Scaling	ui-glyph-scaling-ea2a94a5497ddb8a
	Glyphs	ui-glyphs-6bbe184f5faf7aa4
	Glyphs Panel	ui-glyphs-panel-87f62f44dbffad6a
	Go to Layer	ui-go-to-layer-98168259e44da003
	Gradient	ui-gradient-026d6d8eaf5e7903
	Gradient Map	ui-gradient-map-0151ddf238d67c55
	Gradient Map…	ui-gradient-map-4361bfae2ab19e6b
	Gradient Options	ui-gradient-options-a48a96c4f635dfe1
	Gradient Overlay	ui-gradient-overlay-10c4fdd38395644f
	Gradient Overlay…	ui-gradient-overlay-a338f737a957f0c9
	Gradient Tool	ui-gradient-tool-894ba15afe13622b
	Gradients	ui-gradients-7e6a9973fd885950
	Gradient…	ui-gradient-2c1439766080a2dd
	Grain	ui-grain-dd0e2ebe8e89e3b6
	Graphic Pen	ui-graphic-pen-4b3a1c134e78b3ba
	Graphic and Web	ui-graphic-and-web-6a5c9726b9cbb9c6
	Graphic and web	ui-graphic-and-web-8065b7275784c626
	Graphics	ui-graphics-80dc330668f4642a
	Gray	ui-gray-0e3bcc88f8ad3aec
	Gray Gamma 2.2	ui-gray-gamma-2-2-b18f731b42b5fddb
	Gray:	ui-gray-dcd762be8e5af9a2
	Grayscale	ui-grayscale-de3ea92f97efbda6
	Grayscale Slider	ui-grayscale-slider-712e650186f6d0af
	Green	ui-green-b8dd8abe799a20f6
	Greens	ui-greens-ba9346a8a0e541ff
	Grid	ui-grid-0e20b188f8964553
	Grid  (⌘')	ui-grid-ce24c63d13034785
	Grid color	ui-grid-color-78dfdba998c1a66c
	Grid colors	ui-grid-colors-2608602e910d46ad
	Grid size	ui-grid-size-c62a767ad114f318
	Grid style	ui-grid-style-c961fd4ce773d51a
	Grid unit	ui-grid-unit-9fd0788cf6307cc3
	Grid view	ui-grid-view-d533e4a476b6d894
	Gridline every	ui-gridline-every-ef6a21d37121785e
	Group	ui-group-6208d6be485ccb06
	Group Layer	ui-group-layer-4ee9dfe0ae0af13f
	Group Layers	ui-group-layers-2258b6c7bc980424
	Group from Layers…	ui-group-from-layers-09ee0a05b31f9e60
	Group name	ui-group-name-1dc4c510f9a6d319
	Group · {n} layer	ui-group-n-layer-bb992bb3cba6e77c
	Group…	ui-group-50fb25d1f4770a46
	Grow	ui-grow-0e0bc288f884062c
	Guide color	ui-guide-color-b3ef8d29471cec16
	Guide style	ui-guide-style-cba92bb4787030d8
	Guides	ui-guides-7e801d6861d7974a
	Guides, Grid & Slices	ui-guides-grid-slices-e1d6ef6e3cc0e37f
	Guides, Grid & Slices…	ui-guides-grid-slices-b7daf185cbe62819
	Gutter	ui-gutter-28db4a925f47827c
	H	ui-h-08324007b4eaf595
	HDR Toning…	ui-hdr-toning-916113b6e3eaa65e
	HDTV (Rec. 709)	ui-hdtv-rec-709-d4a9b97793f8abd2
	HDTV 1080p	ui-hdtv-1080p-60adec91132b19a6
	HDTV 720p	ui-hdtv-720p-2a6af14abdc08b92
	HDV 1080/DVCPRO HD 720 (1.33)	ui-hdv-1080-dvcpro-hd-720-1-33-7b6949db8c39123e
	HSB Color	ui-hsb-color-578ed20fcd8fae67
	HSB/HSL	ui-hsb-hsl-61f9859f48742558
	HSL/Grayscale	ui-hsl-grayscale-5444bbfef8f1af96
	Halftone Pattern	ui-halftone-pattern-15b6576b2f14f87c
	Hand	ui-hand-1e44f282b91ee156
	Hand Tool	ui-hand-tool-654e9aebadf6608c
	Hanging Punctuation	ui-hanging-punctuation-d8a4463e4de06e0d
	Hard	ui-hard-1e36e282b91288ca
	Hard Light	ui-hard-light-7ec3f60a8fe38282
	Hard Mix	ui-hard-mix-4dfeaf1a6980b008
	Hardness	ui-hardness-bfda5bd2614de3e1
	Hardness:	ui-hardness-4dede17b575a2d21
	Heal	ui-heal-fa113882a42cc35d
	Heal Auto	ui-heal-auto-af3efb2a216f9104
	Heal Color	ui-heal-color-7fdbce3a322cb2d6
	Heal Off	ui-heal-off-7c5c92671daf5d94
	Heal On	ui-heal-on-9ea0c89a6cf10ce2
	Healing	ui-healing-2694109907060b63
	Healing Brush Tool	ui-healing-brush-tool-6be4581876f892d7
	Heart	ui-heart-180d22fcf815a8f5
	Height	ui-height-82338e1bfdd91f20
	Height:	ui-height-16b9939057efd92e
	Help	ui-help-fa363e82a44be9cc
	Hidden Layers	ui-hidden-layers-ca4125edff4eedd7
	Hide	ui-hide-62cb3782dfb6952f
	Hide All	ui-hide-all-fe5de9c1720ae82c
	Hide All Effects	ui-hide-all-effects-3a64cfb4a29875ba
	Hide Auto Slices	ui-hide-auto-slices-182e37ad9ccc1629
	Hide Layers	ui-hide-layers-9251c8645a04b357
	Hide Properties	ui-hide-properties-4fa61e83445a32b4
	Hide Selection	ui-hide-selection-dd2e112bd8a7eebd
	Hide the layer's effects  ({key}-click: all layers)	ui-hide-the-layer-s-effects-key-click-all-l-bd73c07895878fb9
	Hide the layer's effects  (⌥-click: all layers)	ui-hide-the-layer-s-effects-click-all-layer-cf9a99b1adb2c1f7
	High	ui-high-62d61c82dfc06ed3
	High Pass…	ui-high-pass-fefe4a4d911f2cb8
	Highlight Compression	ui-highlight-compression-7a99c194b61b9297
	Highlight Priority	ui-highlight-priority-d73e0f22b7de97cf
	Highlights	ui-highlights-8f08df786c69be0a
	Highlights from:	ui-highlights-from-3f80d0c6fa933380
	Histogram	ui-histogram-d3f561f2558b8e27
	Histories	ui-histories-a2a9b1926440adfd
	History	ui-history-bdf6cf5fc8a783a1
	History Brush	ui-history-brush-55a0220a103e6e51
	History Brush Tool	ui-history-brush-tool-ce839d1529d8078d
	History Log	ui-history-log-e3a1a280af8c6c13
	History Log…	ui-history-log-face448ca6ea688d
	History states	ui-history-states-f804df57e38af1b5
	Home	ui-home-5086f582d5199414
	Horizontal	ui-horizontal-23633a874fd0702f
	Horizontal Centers	ui-horizontal-centers-df677286a0b2678d
	Horizontal Type Tool	ui-horizontal-type-tool-354f92d796f2f149
	Horizontal scale	ui-horizontal-scale-7b8d974283287829
	Horizontal type	ui-horizontal-type-59784f18875e1855
	Horizontally	ui-horizontally-7a5c74127c7302e0
	Hue	ui-hue-de79e57e3d673fbf
	Hue Jitter	ui-hue-jitter-ef9d5e73d36bd01b
	Hue/Saturation	ui-hue-saturation-4c48b2cfc6116e48
	Hue/Saturation…	ui-hue-saturation-6b3fa6c41b64f694
	Huge	ui-huge-70679b82567745c0
	Humidity	ui-humidity-b776c818746f0d9a
	Hyphenate	ui-hyphenate-5f6e2aefd7e8ceed
	ISO	ui-iso-d42aa67e37189ce4
	ISO Speed	ui-iso-speed-58635577504596c7
	Ignore	ui-ignore-44c7d9889febdae5
	Ignore All	ui-ignore-all-40a06e4f782a9bea
	Ignore exif profile tag	ui-ignore-exif-profile-tag-1c0123056251e640
	Image	ui-image-14cb51269fb62764
	Image Assets	ui-image-assets-233e10639fc6e635
	Image Processor…	ui-image-processor-43423b7b33332a14
	Image Rotation	ui-image-rotation-eb4cdcc72b319eca
	Image Size	ui-image-size-0a84cc4d71b452c5
	Image Size:	ui-image-size-93fa26983569074d
	Image Size…	ui-image-size-71fbd08a9b970c7b
	Image interpolation	ui-image-interpolation-4cff74cc17c815ea
	Image previews	ui-image-previews-0c2b3e95f6d20701
	Import	ui-import-bd7850245f5a79ee
	Import Brushes…	ui-import-brushes-4b123336676f918a
	Import Brushes… (.abr)	ui-import-brushes-abr-a844dbcfa1f1fd72
	Import Photoshop brushes (.abr)	ui-import-photoshop-brushes-abr-f8af2cca0d2a4db2
	Import Presets	ui-import-presets-09d2999d476d4eb6
	Imported	ui-imported-20ac5b157259f56f
	Import…	ui-import-93f9356ee0cef73e
	In	ui-in-d854a6186b3bd6e4
	Inches	ui-inches-36cac13fc3a9f4bf
	Include ICC Profile	ui-include-icc-profile-f88ccf26c021eabd
	Indent First	ui-indent-first-f37b437efa81754b
	Indent Left	ui-indent-left-0bd02eb25ab16866
	Indent Right	ui-indent-right-bc2e38572c56f9bb
	Indent first line	ui-indent-first-line-61dec9c5efb9bc6b
	Indent left margin	ui-indent-left-margin-35f4eabea0639644
	Indent right margin	ui-indent-right-margin-4bfc09c59956e62f
	Indexed	ui-indexed-e432355755eef58c
	Indexed Color	ui-indexed-color-0faa4bcde55c476b
	Indexed Color…	ui-indexed-color-e2738c7c72cbcf55
	Industry Standard	ui-industry-standard-e68be8fa930df146
	Inflate	ui-inflate-ba6551601e2bc93a
	Info	ui-info-5c048676e8ce02cb
	Info Options…	ui-info-options-ba41ac823df638bf
	Initial Direction	ui-initial-direction-204500a6641e8f70
	Initial Direction of Stroke	ui-initial-direction-of-stroke-5768f85fbf1bcf2b
	Inner Bevel	ui-inner-bevel-436a04ef8c452ebd
	Inner Glow	ui-inner-glow-162db07d91381606
	Inner Glow…	ui-inner-glow-8e6b8dede05c2346
	Inner Shadow	ui-inner-shadow-fd8ec97c702282fb
	Inner Shadow…	ui-inner-shadow-0c096f8cee21b045
	Input:	ui-input-6b4795ab9ec37475
	Insert Blank Frame	ui-insert-blank-frame-40a07ace6748bed5
	Inside	ui-inside-ac11c2c8cf66242f
	Install Plug-in…	ui-install-plug-in-04982eca1a6a9fd6
	Integrations	ui-integrations-f504293753e67554
	Integrations…	ui-integrations-fa4f87fec465af00
	Interface	ui-interface-8301123581da99fe
	Interface…	ui-interface-cf70a93937bf65ee
	Interlaced	ui-interlaced-ee56469366b6ffc0
	Internet Standard RGB	ui-internet-standard-rgb-5a25b644f22f1574
	Interpolation	ui-interpolation-13e1625cb7207057
	Interpolation:	ui-interpolation-e86a908b2c1f0937
	Interpret Footage…	ui-interpret-footage-44aec1ff768dbe3d
	Intersect Shape Areas	ui-intersect-shape-areas-fb1d44f570d65bc7
	Intersect with	ui-intersect-with-d970e4cba7ff0d74
	Intersect with selection  ({key})	ui-intersect-with-selection-key-cb5703bbe888ccf8
	Intersect with selection  (⇧⌥)	ui-intersect-with-selection-6941b539084d91b6
	Inverse	ui-inverse-b319390e91fcdb69
	Inverse Selection	ui-inverse-selection-80b1bda82e5c21df
	Invert	ui-invert-34256b9eee178d2f
	Invert All	ui-invert-all-d10555982517602c
	Invert has no settings.	ui-invert-has-no-settings-88e45fa92df4df2b
	Invert…	ui-invert-e511e5dc91dabee9
	Iris Blur…	ui-iris-blur-69a210334e110997
	Isolate Layers	ui-isolate-layers-96a991a1f2af455a
	Italic	ui-italic-8b147cdb6dfb1a83
	Join the ArtCraft Discord…	ui-join-the-artcraft-discord-d3ced290104ae3f3
	Join us on Discord	ui-join-us-on-discord-e753e5c5ad79996e
	Jpeg quality	ui-jpeg-quality-4dae267814ddec9c
	Jpg	ui-jpg-cccaa57e334865fe
	Justification	ui-justification-332d6ac62d6686b7
	Justify	ui-justify-f029cfac86b593d1
	Justify all	ui-justify-all-45cf937a0f9b93b6
	Justify last centered	ui-justify-last-centered-38080554c3dde379
	Justify last left	ui-justify-last-left-0cffece5699d8554
	Justify last right	ui-justify-last-right-4fea918f158a6ee1
	Keep proportions	ui-keep-proportions-4e8bfd0bbf6db74d
	Keep view in sync	ui-keep-view-in-sync-9a5cc0eea77097fd
	Keeps the current texture when switching presets.	ui-keeps-the-current-texture-when-switching-eebaa01047dcfb90
	Kerning	ui-kerning-c2eebcd0c7cce6f9
	Keyboard Shortcuts	ui-keyboard-shortcuts-146b196f5c9d2fd5
	Keyboard Shortcuts and Menus	ui-keyboard-shortcuts-and-menus-dcc10360cc30a6b4
	Keyboard Shortcuts…	ui-keyboard-shortcuts-026788d949eab5eb
	Keywords	ui-keywords-077319116ce9acf3
	Kind	ui-kind-8a583c65ea499095
	Kurtosis	ui-kurtosis-ca8d45264309b563
	Lab	ui-lab-ba646e7e288e912e
	Lab Color	ui-lab-color-b643e9a33eb1e45d
	Label Size	ui-label-size-a5ac0d57c6913f3c
	Labels	ui-labels-94644b6cd11dcd5c
	Lanczos (sharp)	ui-lanczos-sharp-6a837cfa2eb17712
	Landscape	ui-landscape-d719e0dd6775c304
	Landscape, 10 x 8	ui-landscape-10-x-8-a59811955c867411
	Landscape, 6 x 4	ui-landscape-6-x-4-90d73a489fa8cef6
	Landscape, 7 x 5	ui-landscape-7-x-5-e7b62c7193bfd7f6
	Language	ui-language-e2c202f6847daf21
	Language Options	ui-language-options-82440e7bfffbd467
	Large	ui-large-ba7eea47bc48e27a
	Large tabs	ui-large-tabs-350b94c02256667a
	Lasso	ui-lasso-c4b9e947c2866f8b
	Lasso Tool	ui-lasso-tool-3003770eae6775f3
	Last Document State	ui-last-document-state-d506e8e3d7bf23d9
	Last Filter	ui-last-filter-0224f26993f37a1f
	Last Modified	ui-last-modified-6f282422da29401a
	Layer	ui-layer-6e58524791aa8870
	Layer Comp	ui-layer-comp-f3070851149e6d07
	Layer Comps	ui-layer-comps-936095c60933fc1c
	Layer Comps to Files…	ui-layer-comps-to-files-0b66a2f7384859ae
	Layer Content Options…	ui-layer-content-options-1f214dcce39a55f5
	Layer Count	ui-layer-count-c1a7b8c591e510bf
	Layer Edges	ui-layer-edges-ef823c294cf28e42
	Layer From Background…	ui-layer-from-background-70126e020b132670
	Layer Knocks Out Drop Shadow	ui-layer-knocks-out-drop-shadow-0055a964f2069636
	Layer Mask	ui-layer-mask-43beb7a47c311688
	Layer Style	ui-layer-style-e9e0c0ab51debbd5
	Layer from Background…	ui-layer-from-background-e9ed2a4c7c56e190
	Layer via Copy	ui-layer-via-copy-c71c02d01bb3e75d
	Layer via Cut	ui-layer-via-cut-f7cfc4c0eb5a6470
	Layers	ui-layers-2a9bd29c84c51d19
	Layers to Files…	ui-layers-to-files-9fd1ecc7d47528cb
	Layer…	ui-layer-5d2f9b5905989d8c
	Layout	ui-layout-5d4bcf9ca11e4a85
	Leading	ui-leading-34f9d20b20e4537f
	Leading (set to the font size × auto-leading when Auto)	ui-leading-set-to-the-font-size-auto-leadin-9a350ef647bd4565
	Leave as is (don't color manage)	ui-leave-as-is-don-t-color-manage-494de7dd19a75985
	Left	ui-left-6aaaae5efe8dc776
	Left Edges	ui-left-edges-8623bb49c4ee1af8
	Left align text	ui-left-align-text-0df0e4d2554078aa
	Legacy Macintosh RGB	ui-legacy-macintosh-rgb-bb536e5f4a145111
	Legacy compositing	ui-legacy-compositing-28e054ae7f1abd0c
	Legal	ui-legal-d5716a6a8ef35bac
	Length:	ui-length-309b13d6e0ac1a0f
	Lens	ui-lens-6ac5c15efea4af77
	Lens Blur…	ui-lens-blur-1e6d95048a2d1194
	Lens Corrections	ui-lens-corrections-fae69d43b7714af6
	Lens Correction…	ui-lens-correction-bcc59b66957e58a7
	Lens Flare…	ui-lens-flare-f113052ab28a60f1
	Lens Info	ui-lens-info-1f083409032cf395
	Letter	ui-letter-e1cc0680bf9061db
	Letter Spacing	ui-letter-spacing-48872da180eac8d2
	Level	ui-level-5758d36ad885815f
	Levels	ui-levels-f1706a8deada7dc4
	Levels…	ui-levels-f40e2cec2bf50a90
	Libraries	ui-libraries-9058911e19b33532
	Ligature	ui-ligature-e7c56eefdf86845e
	Light	ui-light-70bd780571c98a39
	Light Source	ui-light-source-651c381dfc815f9e
	Light gray	ui-light-gray-90925fdbdadb1af0
	Lighten	ui-lighten-ec047e5803ae908e
	Lighter Color	ui-lighter-color-22a8dbc1092c9e19
	Lighting Effects…	ui-lighting-effects-0dad3c91f6bede3b
	Lightness	ui-lightness-869f608f9e2a33be
	Lights	ui-lights-5b7d3b405975fbbe
	Limit Playback	ui-limit-playback-c180683ddf83fd6b
	Limits:	ui-limits-d7e5ab8f6b938f73
	Line	ui-line-0215c35ec32333dd
	Line Tool	ui-line-tool-48d31482a89ecc91
	Linear	ui-linear-ca47517bdefa4232
	Linear Burn	ui-linear-burn-d113b2b129bacf4f
	Linear Dodge (Add)	ui-linear-dodge-add-45ab0f3b18354343
	Linear Gradient	ui-linear-gradient-338cbad54132fd92
	Linear Height	ui-linear-height-8035e9cc3cd4159d
	Linear Light	ui-linear-light-b910ee3dc4885f5a
	Lines	ui-lines-ae2ea80594d0d0aa
	Link Layer Mask	ui-link-layer-mask-3117867544f37cc6
	Link Layers	ui-link-layers-9c332d93a2dd3153
	Link Vector Mask	ui-link-vector-mask-6987b504a926b38a
	Link layers	ui-link-layers-b3ca5a7fc8a1cb73
	Link the mask to the layer	ui-link-the-mask-to-the-layer-1516cf2a2b9b0dd7
	Link width and height	ui-link-width-and-height-4f6db69f8fed488d
	Link with Layer	ui-link-with-layer-ad56115c85c3cd48
	Liquify is not open	ui-liquify-is-not-open-b8565caf511d21fb
	Liquify…	ui-liquify-e3ac8d1623d1f490
	List view	ui-list-view-c6ba08976d444618
	Load	ui-load-386eb65ee2979317
	Load 3D LUT…	ui-load-3d-lut-9af62bfd96c5d799
	Load Default Type Styles	ui-load-default-type-styles-0ebf6740df450e40
	Load Files into Stack…	ui-load-files-into-stack-930178906e61106e
	Load Photoshop brushes (.abr)	ui-load-photoshop-brushes-abr-72def280fc39c975
	Load Selection	ui-load-selection-072d9465bd4fdf85
	Load Selection…	ui-load-selection-9879fb5ae763e63b
	Load channel as selection	ui-load-channel-as-selection-c5ce81c14c20e99a
	Load path as a selection	ui-load-path-as-a-selection-4595274370f43a07
	Load…	ui-load-c094e04a17906be1
	Localize Color Clusters	ui-localize-color-clusters-03daf070874e4522
	Localized Color Clusters	ui-localized-color-clusters-f881bf339dfd0b0e
	Location	ui-location-297949d1a95f2298
	Lock	ui-lock-3868ab5ee29314b8
	Lock Guides	ui-lock-guides-da0708dc3033ab89
	Lock Layers…	ui-lock-layers-d0b284389542982a
	Lock Slices	ui-lock-slices-6820512e1d454c6b
	Lock Workspace	ui-lock-workspace-d680ff390dc24ef5
	Lock all	ui-lock-all-8a9d3c40141f890b
	Lock image pixels	ui-lock-image-pixels-553d71a83d7ce972
	Lock layer	ui-lock-layer-89d5bfae04caa8bd
	Lock position	ui-lock-position-d46fbf94de0db11b
	Lock transparent pixels	ui-lock-transparent-pixels-3711c22c2e7610cb
	Lock:	ui-lock-6cefb43affebd8e6
	Lock: keep these settings when picking another preset	ui-lock-keep-these-settings-when-picking-an-3b56edfa11464426
	Log Errors To File	ui-log-errors-to-file-801ca395fbea425b
	Logical Length:	ui-logical-length-f05e3f0023320bcc
	Logical Units:	ui-logical-units-a90a35bd4ebdf1a5
	Loop	ui-loop-3890be5ee2b48715
	Lorem Ipsum	ui-lorem-ipsum-2c0543a14119c706
	Low	ui-low-ba5e537e2889f79f
	Lowercase extension	ui-lowercase-extension-764b510e00dc8f45
	Luminance	ui-luminance-a8d219ab05f918e3
	Luminance Detail	ui-luminance-detail-b0a4cebb1fdbb508
	Luminance Smoothness	ui-luminance-smoothness-c80df353d97843d4
	Luminosity	ui-luminosity-5cbea1ef5f432af2
	Mac Crisp	ui-mac-crisp-30e90b1e0384a841
	Mac LCD	ui-mac-lcd-7e949051ed693d19
	Mac OS	ui-mac-os-75e4d5ef1f23f668
	Mac Sharp	ui-mac-sharp-733ef447d8966afe
	Mac Smooth	ui-mac-smooth-d3901161744398c0
	Mac Strong	ui-mac-strong-93ccbc04d27da6a9
	MacBook Pro 16"	ui-macbook-pro-16-1a8c2148d64b4bcf
	Magenta	ui-magenta-78f10e90b05546a6
	Magenta  ·  Green	ui-magenta-green-81e59539591f6798
	Magentas	ui-magentas-d6e294dba0e75bef
	Magic Eraser Tool	ui-magic-eraser-tool-755c9bd096cda7f8
	Magic Wand Tool	ui-magic-wand-tool-20014b0db952022e
	Magnetic Lasso	ui-magnetic-lasso-901881eb1304c0ef
	Maintain aspect ratio	ui-maintain-aspect-ratio-1119d1f936600065
	Make	ui-make-0f19a759136050ed
	Make Selection	ui-make-selection-e8ebb66c40ab9f93
	Make Work Path	ui-make-work-path-235a14b152f6796d
	Make work path from selection	ui-make-work-path-from-selection-5eb8c557f5b23489
	Marker Size	ui-marker-size-8f675849e467761e
	Marquee	ui-marquee-9931ab6898582ffd
	Mask	ui-mask-0ec79959131a2efb
	Mask All	ui-mask-all-b8fc917d872b5258
	Mask All Objects	ui-mask-all-objects-a0cff232673e6064
	Mask Options	ui-mask-options-d67b749bafdb3ad9
	Masked Areas	ui-masked-areas-b4d6e3ca89a842e8
	Masking	ui-masking-91354dce0b8a55fd
	Master	ui-master-e53622684802b745
	Match All	ui-match-all-9a0ad68a8a1433fb
	Match Color…	ui-match-color-b7a222fa1a8aa109
	Match Location	ui-match-location-6b39b544979b15cf
	Match Rotation	ui-match-rotation-7a132d325e47d99e
	Match Zoom	ui-match-zoom-b34963a9052abb53
	Matte	ui-matte-0bc82f5b5cbe5380
	Matting	ui-matting-fa48d55b7f61477b
	Maximize psd compatibility	ui-maximize-psd-compatibility-34aee0bbd8141316
	Maximum	ui-maximum-4426440e5b298eb7
	Maximum…	ui-maximum-b6aa11c2e42009c1
	Mean	ui-mean-ea9ef858fe324302
	Mean:	ui-mean-de633737ef683828
	Measure	ui-measure-fc7c5bb198567ced
	Measurement Log	ui-measurement-log-388b93225f5f0fbf
	Measurement Scale	ui-measurement-scale-b6f44c27a493accf
	Measurement Scale Marker	ui-measurement-scale-marker-2051d9e3a25527af
	Median	ui-median-b93c3b35a9c8f19d
	Median:	ui-median-8a4a432f80729ec5
	Median…	ui-median-b139c265acfc1003
	Medium	ui-medium-b9135835a9a61dd0
	Medium gray	ui-medium-gray-62bc216e48abe28f
	Memory usage mb	ui-memory-usage-mb-8245b04ad73d0be6
	Menus	ui-menus-d3594737e87b2859
	Menus…	ui-menus-cab2f9c727f9d0ef
	Merge Down	ui-merge-down-d6cf94561a2ce0db
	Merge Layers	ui-merge-layers-5abfd499e10d5fa9
	Merge Shape Components	ui-merge-shape-components-3ffa072743b08b4c
	Merge Visible	ui-merge-visible-4c4ec6fdf576bb73
	Merge to HDR Pro…	ui-merge-to-hdr-pro-856a4bf753b29575
	Mesh	ui-mesh-eadbde58fe65c4f2
	Mesh Size	ui-mesh-size-5aeb101180aa1b77
	Metadata	ui-metadata-eac3236c52a59642
	Metal	ui-metal-929aea385501c69a
	Metering Mode	ui-metering-mode-761302e00c1b6697
	Method	ui-method-6af65cb89c77c496
	Metrics	ui-metrics-5f3840e663561c90
	Mezzotint…	ui-mezzotint-b2145628f9d530b5
	Middle Eastern & South Asian Composer	ui-middle-eastern-south-asian-composer-d4cc119fa8253d75
	Middle Eastern Features	ui-middle-eastern-features-9968ab06b2e254ad
	Midpoint	ui-midpoint-017191844fcc6193
	Midtones	ui-midtones-072137379417d47c
	Midtones from:	ui-midtones-from-1eb33d8eab639272
	Midtones to:	ui-midtones-to-ee62bc614074e1a5
	Migrate Presets	ui-migrate-presets-20e2452f881174d8
	Millimeters	ui-millimeters-d2ca697f9e4c3ad2
	Minimalistic	ui-minimalistic-7a9c4f42ae94e8f2
	Minimum	ui-minimum-9d5c7a18167944a1
	Minimum Depth	ui-minimum-depth-04d23eadf300459c
	Minimum Diameter	ui-minimum-diameter-445dade9def5284c
	Minimum Roundness	ui-minimum-roundness-170a14c85d174f3e
	Minimum…	ui-minimum-d45433e0f7bf24c7
	Missing Profiles: Ask When Opening	ui-missing-profiles-ask-when-opening-5c9b77897ec2e9fc
	Missing glyph protection	ui-missing-glyph-protection-ae7a4dab14b512ea
	Mix	ui-mix-b390357e25357d8f
	Mix Jitter	ui-mix-jitter-78d9d32fd630302b
	Mixer Brush	ui-mixer-brush-5396e0e51c5111bc
	Mobile	ui-mobile-b60ebd42ed7f02b1
	Mode	ui-mode-2134d5591dda2af8
	Mode:	ui-mode-46f1486db9b6a7a6
	Model	ui-model-46f11a6db9b6597c
	Modern	ui-modern-41e6fa7290bc7330
	Modifier Keys	ui-modifier-keys-c54f0038266c25de
	Modify	ui-modify-211d4d727eb17d25
	Modify Date	ui-modify-date-8186d827f8e867fb
	Monitor RGB	ui-monitor-rgb-b273d3d571b853c4
	Monochrome	ui-monochrome-910b1c7880814a4a
	More Points	ui-more-points-5c45ec96f2353d79
	More panels	ui-more-panels-179b83bbde5b401d
	Mosaic…	ui-mosaic-dcb0aa1356b8b389
	Motion	ui-motion-76f157ef8ff8e7e5
	Motion Blur…	ui-motion-blur-0f6e71e9ebfa17fa
	Mouse Controls	ui-mouse-controls-eaf2d918ca7194b0
	Mouse Coordinates	ui-mouse-coordinates-d5893efae4b83639
	Move	ui-move-20f7e9591da69ed6
	Move Group Down	ui-move-group-down-57ecab1d688a85fb
	Move Group Up	ui-move-group-up-772bffcfbad5405a
	Move Tool	ui-move-tool-0e45b9dfbd6ba90c
	Move effect layer down	ui-move-effect-layer-down-535b52fa05db4392
	Move effect layer up	ui-move-effect-layer-up-cfd1d9fbe7ccf3d7
	Move to	ui-move-to-a3507ac7694de6b7
	Multichannel	ui-multichannel-dbfc480f845291b3
	Multiply	ui-multiply-fca60ad8efd1fe3f
	My Brushes	ui-my-brushes-e25075d51423e369
	NTSC (1953)	ui-ntsc-1953-8f50830135401be8
	NTSC Colors	ui-ntsc-colors-320223f7ddebd6fd
	Name	ui-name-dcef2b4d03de723c
	Name:	ui-name-48d899dd92fbc032
	Navigator	ui-navigator-b8ea9a061d794748
	Nearest Neighbor	ui-nearest-neighbor-4c508137b61b7307
	Nearest Neighbor (hard edges)	ui-nearest-neighbor-hard-edges-62c02be60659c447
	Nearest neighbor	ui-nearest-neighbor-f39396e8bad21327
	Neutrals	ui-neutrals-d91575343a5749d7
	Never	ui-never-79b1a901034168fb
	New	ui-new-a846017e1e12163f
	New Adjustment Layer	ui-new-adjustment-layer-464434a38030994f
	New Blank Video Layer	ui-new-blank-video-layer-ea35461303ae9a0f
	New Brush	ui-new-brush-5dee4a87912f9d7b
	New Channel	ui-new-channel-b0696786256acc9c
	New Document	ui-new-document-c326eeddc329ae4c
	New Fill Layer	ui-new-fill-layer-513a806e9e1e6205
	New Group	ui-new-group-9049a6924e738ed4
	New Guide Layout…	ui-new-guide-layout-ec107114b8f8e86d
	New Guides From Shape	ui-new-guides-from-shape-3656546a9530bce5
	New Guide…	ui-new-guide-940f38e4ca3fe1ad
	New Layer Based Slice	ui-new-layer-based-slice-bc4b2d4423cc23d3
	New Layer Comp	ui-new-layer-comp-a839d8084e1ff239
	New Layer from Brush	ui-new-layer-from-brush-f04013a5129bfb4a
	New Layer…	ui-new-layer-a7839d7af7be371e
	New Path	ui-new-path-4653ce4a29d4fc2e
	New Selection	ui-new-selection-c08152b93e9cb14d
	New Shape Layer	ui-new-shape-layer-c1c0a2e4c6585607
	New Size	ui-new-size-3009d7560f681644
	New Smart Object via Copy	ui-new-smart-object-via-copy-5e9e49000e79ae76
	New Snapshot	ui-new-snapshot-0fd65c54e36905c5
	New Style…	ui-new-style-a7c91bf676fef79e
	New Tool Preset	ui-new-tool-preset-0d8f6b22acc3e2a6
	New Type Layer	ui-new-type-layer-54492c36fedddb70
	New Video Group	ui-new-video-group-d04a813e88993e5f
	New Video Layer	ui-new-video-layer-742bbca76d53ae89
	New Video Layer from File…	ui-new-video-layer-from-file-8496588743a1a2dd
	New Window for Document	ui-new-window-for-document-b07a98ac0f5b9653
	New Workspace	ui-new-workspace-74f3b5a716b5d2ee
	New Workspace…	ui-new-workspace-dab1967d4c216a3e
	New channel only	ui-new-channel-only-12fa6e7fc054d04e
	New document…	ui-new-document-103acbb481bda748
	New document…     ⌘N	ui-new-document-n-0f29e6c124ffb6dc
	New effect layer	ui-new-effect-layer-73b4e2246b94c621
	New from Clipboard	ui-new-from-clipboard-1e5526e25b51c02f
	New selection	ui-new-selection-c4b0a8bde20282ed
	Newspaper	ui-newspaper-e1b0e1e6ca6fa566
	New…	ui-new-dcb118c21cbce3d9
	Next Theme	ui-next-theme-837265ed925a24db
	Next frame	ui-next-frame-d71292d3254b566b
	Next note	ui-next-note-33b1edb6ad62bca6
	No Color	ui-no-color-53ad57e69832ea93
	No Color Management	ui-no-color-management-72797e84b8a8f49a
	No Dither	ui-no-dither-97fea7fcdad5545c
	No Layer Comps	ui-no-layer-comps-fb0df74b655f7f21
	No author	ui-no-author-1d186379ce0b85e7
	No brush presets	ui-no-brush-presets-141118f4d478a018
	No character style	ui-no-character-style-73c8dcfbfc652fda
	No document	ui-no-document-6ab533559b7cf7fd
	No matching commands	ui-no-matching-commands-8e06392185a3a077
	No path to make a selection from: draw one with the Pen tool or select one in the Paths panel.	ui-no-path-to-make-a-selection-from-draw-on-0dd89e015d2efcdc
	No presets for the current tool.	ui-no-presets-for-the-current-tool-652f0d1fff59c221
	No presets of this type.	ui-no-presets-of-this-type-e63b6fe12705a975
	No properties	ui-no-properties-5e9fb4da28181271
	No tool presets.	ui-no-tool-presets-d36fc42f8a32fad0
	Noise	ui-noise-abd7cd31052e10cb
	Noise Reduction	ui-noise-reduction-3bcc445881a7d566
	None	ui-none-3390d94d34f06461
	Nonlinear History	ui-nonlinear-history-3545dcaaf062bd1f
	Normal	ui-normal-63acd193c4316f68
	Normal tip	ui-normal-tip-a57b8ea3cf7dfb65
	Not in Dictionary:	ui-not-in-dictionary-d8ff41d4854e2225
	Note Paper	ui-note-paper-545e7d9fd9e62821
	Note Tool	ui-note-tool-875c484cda5ed52f
	Note tool	ui-note-tool-064a4745c0eebf4f
	Notes	ui-notes-c54c5e311372a994
	Notes…	ui-notes-f6acff3081c34a40
	OK	ui-ok-d840e3186b2b9581
	Object Name / Title	ui-object-name-title-a049198654e75c64
	Object Selection Tool	ui-object-selection-tool-8ed22746507bdc28
	Off	ui-off-a159c77e1aa46f0c
	Off: the speed of the pointer sets the spacing	ui-off-the-speed-of-the-pointer-sets-the-sp-9bc1bf4fc9a0091c
	Offset	ui-offset-6a06d6c989a3ef64
	Offset…	ui-offset-a386eddad09f43f0
	Oil Paint…	ui-oil-paint-d15da1bf0e56bb43
	Oldstyle	ui-oldstyle-752b6c78f33b5515
	Only Web Colors	ui-only-web-colors-db01f2d578449625
	Opacity	ui-opacity-5acd4a937a68dd2c
	Opacity Jitter	ui-opacity-jitter-e9730861bc70adf2
	Opacity Mask	ui-opacity-mask-31dde80f8ea8f674
	Opacity:	ui-opacity-b3b2ce99002fac62
	Open	ui-open-109cf946d8c85fc3
	Open As…	ui-open-as-bd1b291d531d1207
	Open Recent	ui-open-recent-fd5c6c7def1d08a2
	Open a document to define variables.	ui-open-a-document-to-define-variables-52664c82c5fa930a
	Open a document to select a colour range.	ui-open-a-document-to-select-a-colour-range-450d761e0f76c91c
	Open a document to use the timeline.	ui-open-a-document-to-use-the-timeline-29a0898eaf711b59
	Open as smart object	ui-open-as-smart-object-d703e2bdfedb06f3
	Open documents as tabs	ui-open-documents-as-tabs-498095855e674b1d
	OpenGL	ui-opengl-c155bc2323d0d700
	OpenType	ui-opentype-947fa4a6200f949b
	Opening {name}	ui-opening-name-77276915b898de7e
	Opening {name}…	ui-opening-name-24b706154b31ae6e
	Opening…	ui-opening-b3a18e92f73e2c0b
	Open…	ui-open-feb00cb3f872449d
	Open…     ⌘O	ui-open-o-ea000660d895db74
	Operation	ui-operation-b8ed9c5e1c28f13c
	Optical	ui-optical-bd32e9708e4ffa69
	Optimized	ui-optimized-3d9f3c714736fc8c
	Option-click to define a source point to clone from	ui-option-click-to-define-a-source-point-to-5b5ee481f271b16b
	Options	ui-options-5493ee7052dcf71b
	Orange	ui-orange-30b0f96deed67be5
	Ordinals	ui-ordinals-55b1c642d8cd83bd
	Orientation	ui-orientation-e96167209fb98b23
	Original	ui-original-914c1ec56a7f7614
	Original Ratio	ui-original-ratio-1ada97f4b528c2b7
	Ornaments	ui-ornaments-039341bc65112184
	Other	ui-other-66741785e8efeb5b
	Other…	ui-other-9d71ccbd3d854465
	Out	ui-out-a11feb7e1a7333f1
	Out Of Gamut	ui-out-of-gamut-e75871a707c6856c
	Outer Bevel	ui-outer-bevel-7d01a8c0865cf836
	Outer Glow	ui-outer-glow-a8452afa4b57b81b
	Outer Glow…	ui-outer-glow-c3d36ffd2b40de25
	Output Channel:	ui-output-channel-65d0af6ca7cc3b11
	Output Levels:	ui-output-levels-e25ff1f8cc0aa2bd
	Output:	ui-output-1a566208f0c7b218
	Outside	ui-outside-243f1d0f3f04be7a
	Overlay	ui-overlay-d64abe7656056465
	Overlay Color	ui-overlay-color-3738c3a86e585d6e
	Overlay Opacity	ui-overlay-opacity-c3192e9797dcc2cc
	Overlay: Rule of Thirds	ui-overlay-rule-of-thirds-f359ab2ded516918
	Override Action "Save" Commands	ui-override-action-save-commands-81e65588ba62d0a8
	Override Pressure	ui-override-pressure-3aae16d9b6a1fc5a
	Override Rotation	ui-override-rotation-a69be0c9fb837177
	Override Tilt	ui-override-tilt-766ddd3cd5ba5f1e
	Overscroll	ui-overscroll-6c4bd9894b3bf5ec
	PAL/SECAM	ui-pal-secam-787a738bfba5a68c
	PDF Presentation…	ui-pdf-presentation-b0967ad8f5e4b0af
	PRESET DETAILS	ui-preset-details-fe13485ede717ede
	PSD	ui-psd-9722d07e146ad86a
	Package…	ui-package-3336adb193197dab
	Paint Bucket Tool	ui-paint-bucket-tool-22b1317f29a03ac9
	Paint Overlay	ui-paint-overlay-44fd9262c12cc01d
	Painting	ui-painting-b54d4ae4eca75233
	Paints from the document's opening state	ui-paints-from-the-document-s-opening-state-edee7eb81c91d5e1
	Panel Options…	ui-panel-options-a0c409325a94f11b
	Panel locations are saved in the workspace. Keyboard shortcuts, menus and toolbar are optional.	ui-panel-locations-are-saved-in-the-workspa-3ccb69a1d6f80267
	Panels	ui-panels-4a6b26628ecac1fc
	Paper	ui-paper-f6e8bc8bddd15d5b
	Paragraph	ui-paragraph-75aa03fb46bd062b
	Paragraph Panel	ui-paragraph-panel-4a966f3c669669e1
	Paragraph Styles	ui-paragraph-styles-23451d1d3f45a233
	Paragraph Styles Panel	ui-paragraph-styles-panel-41d826a24b800aa9
	Pass Through	ui-pass-through-48c77d9d9f8dd617
	Paste	ui-paste-13a51c8beedfce52
	Paste Into	ui-paste-into-98ff27f83141d6e8
	Paste Layer Style	ui-paste-layer-style-156525152f887c82
	Paste Lorem Ipsum	ui-paste-lorem-ipsum-3261afe77721bfe1
	Paste Outside	ui-paste-outside-1b57058531ec3c79
	Paste Special	ui-paste-special-9788007e088abde5
	Paste in Place	ui-paste-in-place-ccb6bb07fa8b6812
	Patch	ui-patch-d60a1e8bcbb424c3
	Path	ui-path-9f31623c59553158
	Path Blur…	ui-path-blur-17d53d9b965cbb17
	Path Selection Tool	ui-path-selection-tool-39aa008c0a0b4e3c
	Path to Illustrator…	ui-path-to-illustrator-8f33f4b326ccb04c
	Path:	ui-path-d61b4e8bcbc2e986
	Paths	ui-paths-d61b178bcbc28c11
	Paths to Illustrator…	ui-paths-to-illustrator-7b78c4233ba0c2a5
	Pattern	ui-pattern-a83ea4fbb23afb1f
	Pattern Overlay	ui-pattern-overlay-2c00f373e33ea06b
	Pattern Overlay…	ui-pattern-overlay-2b2edae5ec4b4255
	Pattern Preview	ui-pattern-preview-e36e994295eca6bf
	Pattern Size	ui-pattern-size-8bca37fd672238e4
	Pattern Stamp	ui-pattern-stamp-3def986c64c12dcc
	Patterns	ui-patterns-1d6dc3afda393884
	Pattern…	ui-pattern-eed5db1fe745cff9
	Pause	ui-pause-dd8f228bcfa37cff
	Pen	ui-pen-96d7a67e142aa592
	Pen Pressure	ui-pen-pressure-cfe825577c00b8e9
	Pen Tilt	ui-pen-tilt-61ee94a3c60ee775
	Pen Tool	ui-pen-tool-2ee090a3a966cca0
	Pencil	ui-pencil-8084544d4ac2ea36
	Pencil Tool	ui-pencil-tool-45b01c785fc0cc2c
	Percent	ui-percent-8d9b78a65d3fded4
	Perceptual	ui-perceptual-604774d02dd759c0
	Performance	ui-performance-36a965abac0e2cf3
	Performance…	ui-performance-6f5248dc0316662d
	Perspective	ui-perspective-0a30ad7edaa79a03
	Perspective Crop	ui-perspective-crop-d3307f4681570c23
	Perspective Warp	ui-perspective-warp-b67c31e0fb5c9b6b
	Perspective Warp is not active	ui-perspective-warp-is-not-active-df1801923cfff97e
	Perspective Warp: draw planes along the image's perspective, then switch to Warp	ui-perspective-warp-draw-planes-along-the-i-adf260a4b2dd77a7
	Phone	ui-phone-766c40504e2bc6bd
	Photo	ui-photo-768056504e3c9529
	Photo (2 × 3 in)	ui-photo-2-3-in-8a63cb48683e95ce
	Photo (4 × 6 in)	ui-photo-4-6-in-13e0d4c59c558b7b
	Photo (5 × 7 in)	ui-photo-5-7-in-5258fe91e822a565
	Photo (8 × 10 in)	ui-photo-8-10-in-d06f49a9848a1792
	Photo Filter	ui-photo-filter-3fd968954f793735
	Photo Filter…	ui-photo-filter-e46b42d71bd1190b
	PhotoCraft	ui-photocraft-ec9e120a564d0a1d
	PhotoCraft Manages Colors	ui-photocraft-manages-colors-e891a0a8bfedc573
	PhotoCraft Website	ui-photocraft-website-4e6268d9ac24985c
	PhotoCraft on GitHub	ui-photocraft-on-github-b3853efbe71fcf85
	PhotoCraft website	ui-photocraft-website-28dd9e1dd9360ffc
	PhotoCraft — an open-source, native image editor written in Rust.	ui-photocraft-an-open-source-native-image-e-9bc3e9560e6dee97
	Photocopy	ui-photocopy-c2aa73f2f0081450
	Photography	ui-photography-3f6f5f0b96cf5ad6
	Photomerge…	ui-photomerge-a0b725f6319fdadd
	Picas	ui-picas-1e454e45dcd42f55
	Picture Frame…	ui-picture-frame-cd0cafd49c6db476
	Picture Package…	ui-picture-package-4ff232928cc24ff5
	Pillow Emboss	ui-pillow-emboss-544b918b74b575a5
	Pin Depth:	ui-pin-depth-d6c3118fea2e3993
	Pin Light	ui-pin-light-7a0be007baf37606
	Pinch…	ui-pinch-f776020d8b3cf5fb
	Pixel	ui-pixel-3384f245579d9ba5
	Pixel Art	ui-pixel-art-2c9be0a4ff8b0364
	Pixel Art Preview	ui-pixel-art-preview-948ab7ba045a51a8
	Pixel Aspect Ratio	ui-pixel-aspect-ratio-e6a718b690b36b78
	Pixel Aspect Ratio Correction	ui-pixel-aspect-ratio-correction-b118fba707621c18
	Pixel Grid	ui-pixel-grid-fa46ba2e1ea19833
	Pixel Layer	ui-pixel-layer-6b2d22ec21ca9bd0
	Pixel Length:	ui-pixel-length-07ad0a3e8e75b1ef
	Pixel Replacement	ui-pixel-replacement-ef9e826257bdde21
	Pixelate	ui-pixelate-b3c8ffe685e6be97
	Pixels	ui-pixels-288381d3e0cfcca2
	Pixels/Centimeter	ui-pixels-centimeter-0b7e839bb1c12129
	Pixels/Inch	ui-pixels-inch-ac461b795c6d03ff
	Pixels:	ui-pixels-a74233070118a648
	Place Embedded…	ui-place-embedded-e53324fe4c54dfbc
	Place Linked…	ui-place-linked-08994ff09e608f2d
	Place Scale Marker…	ui-place-scale-marker-a4a8d1c79b604fba
	Plaster	ui-plaster-00931dc04a16519a
	Play	ui-play-3d9cbc3c216900ad
	Play Once	ui-play-once-8b69f9041acd8292
	Play selection	ui-play-selection-6a52db78e1d82e33
	Plug-ins	ui-plug-ins-1eef91d385882bbe
	Plug-ins…	ui-plug-ins-2eee7753de7072ae
	Png	ui-png-96c6af7e141c41aa
	Point size	ui-point-size-5970a5e09d9eb10c
	Pointillize…	ui-pointillize-e5acd49400517880
	Points	ui-points-6c067dd2878b3e6c
	Polar Coordinates…	ui-polar-coordinates-4ea4a496bc98c18e
	Polygon Tool	ui-polygon-tool-d337846a57241f4f
	Polygonal Lasso Tool	ui-polygonal-lasso-tool-20891d2ad172bb4e
	Portrait	ui-portrait-5446d2b70dce3db8
	Portrait 4:5	ui-portrait-4-5-2d9505f71636dfcd
	Portrait, 4 x 6	ui-portrait-4-x-6-04eff8c43a19d96a
	Portrait, 5 x 7	ui-portrait-5-x-7-0695ed0048597b6a
	Position	ui-position-2add7a879d22fa5c
	Position and Size	ui-position-and-size-3a4fef83da41da46
	PostScript (72 points/inch)	ui-postscript-72-points-inch-1928f9cd02798822
	Postcard	ui-postcard-ff5896e6e5c3a753
	Poster	ui-poster-2bbbb5fc09e8c32a
	Posterize	ui-posterize-6fdb8544cd0f5f14
	Posterize…	ui-posterize-48591ac9aae5a7c0
	Precise	ui-precise-9127a4631c1258cc
	Preferences	ui-preferences-32d9ec13617a3ed3
	Preserve Details	ui-preserve-details-deace1e3bdc77b51
	Preserve Luminosity	ui-preserve-luminosity-5f89a70110304460
	Preserve Transparency	ui-preserve-transparency-ec3f87e2963c04bb
	Preserve details	ui-preserve-details-0430ac9f90b450b1
	Preset	ui-preset-8682ad9e3f8afd88
	Preset Manager…	ui-preset-manager-6c6eb4dfeb15b971
	Preset Name:	ui-preset-name-9c3a1de649a97273
	Preset Type	ui-preset-type-32c84557b4de0f10
	Preset:	ui-preset-1b0ab5e5f92d1576
	Presets	ui-presets-1b0afee5f92d9181
	Presets:	ui-presets-2140dbc6686ea0c1
	Press keys…	ui-press-keys-b9ced9dc70c76c1e
	Pressure	ui-pressure-7f42623812e7e85c
	Pressure for Opacity	ui-pressure-for-opacity-1419a5a294af5dca
	Pressure for Size	ui-pressure-for-size-dc0ad4062f620320
	Prevent auto-nesting in and out of Artboards and Frames	ui-prevent-auto-nesting-in-and-out-of-artbo-6e413012244001b3
	Preview	ui-preview-a43d5afecaa46489
	Previous frame	ui-previous-frame-12eda2858f006917
	Previous note	ui-previous-note-0b4c0cb5fbafd022
	Print	ui-print-949cb11bf15c2a06
	Print One Copy	ui-print-one-copy-91c41a16a0cc1993
	Print Size	ui-print-size-c3553b862f76073b
	Print resolution	ui-print-resolution-5a7e54f05d0d7368
	Printer	ui-printer-58688b36b61eb171
	Printer Manages Colors	ui-printer-manages-colors-9e15ce26ab782207
	Printer Setup	ui-printer-setup-eaf8a7d1e09f4104
	Printing Marks	ui-printing-marks-54df936ec9a74e94
	Print…	ui-print-b7336bf9f04d7f46
	Pro	ui-pro-96b8c77e14102d16
	Pro (Dark)	ui-pro-dark-ccff21e03a08ed71
	Pro (Medium Gray)	ui-pro-medium-gray-b0a423b1c06a1c6f
	Pro Medium Gray Theme	ui-pro-medium-gray-theme-b7feac6dcc0a954d
	Pro Theme	ui-pro-theme-9b43b80b759b2933
	Pro medium	ui-pro-medium-21f97450eb1ffb11
	Pro photo	ui-pro-photo-eec890b121f03b0a
	ProPhoto	ui-prophoto-411d8bc8552122fe
	ProPhoto RGB	ui-prophoto-rgb-3c1d71803bd2217d
	Profile Mismatches: Ask When Opening	ui-profile-mismatches-ask-when-opening-77e6e642c7e897d9
	Progressive	ui-progressive-1665c86903a26866
	Promote	ui-promote-b655f7a010f27aad
	Proof Colors	ui-proof-colors-7540d965f6bd9d51
	Proof Setup	ui-proof-setup-a217d882c2900fb6
	Properties	ui-properties-3ab113a0301f1b96
	Protect Detail	ui-protect-detail-79ac280140fb90db
	Protect Foreground Color	ui-protect-foreground-color-14aad13f97c41918
	Protect Texture	ui-protect-texture-2748138f654ce0dd
	Protect Tones	ui-protect-tones-abdf4fdccb171b63
	Province / State	ui-province-state-5243449acb19199b
	Proximity Match	ui-proximity-match-f0257a471ff21229
	Public Domain	ui-public-domain-68d8b21b80abd732
	Pulled String Mode	ui-pulled-string-mode-d7af51e1cb413a79
	Punctuation	ui-punctuation-11ef795a1131b25d
	Puppet Warp	ui-puppet-warp-42fd3ea1b1bd5e75
	Puppet Warp is not active	ui-puppet-warp-is-not-active-369bd48a920a578c
	Purge	ui-purge-8b2c6ae52d93fe9a
	Purity	ui-purity-fdfd346c67adbcfe
	Purple	ui-purple-ae8bcf6c3a435855
	QHD 1440p	ui-qhd-1440p-f76058a8c5f6bd81
	Quality	ui-quality-cb47a544b364dec4
	Quick Actions	ui-quick-actions-b20ea50e25e03b0d
	Quick Export As PNG	ui-quick-export-as-png-1b9ab63313d7e58b
	Quick Export as PNG	ui-quick-export-as-png-b327e322e854b6eb
	Quick Mask	ui-quick-mask-2a6a6afe4743fad6
	Quick Selection	ui-quick-selection-5118c8caf468d640
	Quick Selection Tool	ui-quick-selection-tool-62c59234e84a84ba
	Quick Sync	ui-quick-sync-ae1bef51cb6dc645
	Quick export format	ui-quick-export-format-97275761627b4b37
	Quick export location	ui-quick-export-location-07f66db2dd9be493
	RGB	ui-rgb-879d887e0c22abf6
	RGB Color	ui-rgb-color-5cff99abbb0e1e75
	RGB:	ui-rgb-935aba2e9ee9eba4
	Radial	ui-radial-3a85faca3b545764
	Radial Blur…	ui-radial-blur-8e206121a52a764b
	Radial Gradient	ui-radial-gradient-7567608180aa2bb4
	Radius	ui-radius-3aca19ca3b8e58dd
	Radius:	ui-radius-73c2b9a332e11085
	Range	ui-range-bd55fb780d4051d4
	Range:	ui-range-f96c3afe844b376a
	Rasterize	ui-rasterize-d94e581f62a32400
	Rasterize Fill Content	ui-rasterize-fill-content-d3b5d63fe55f50f4
	Rasterize Layer	ui-rasterize-layer-c7ea4ae8cb3c6325
	Rasterize Shape	ui-rasterize-shape-24cab3dbf9771575
	Rasterize Smart Object	ui-rasterize-smart-object-415c1d4e992d1678
	Rasterize Type	ui-rasterize-type-880c35c6984d4228
	Rasterize Type Layer	ui-rasterize-type-layer-5543477b00530a8d
	Rate	ui-rate-dee0772f5b5c9e85
	Ratio	ui-ratio-14168f783e6cc85a
	Raw Data	ui-raw-data-6ae0e1ce5accb9bd
	Raw Defaults…	ui-raw-defaults-75db9c6074d44199
	Reading…	ui-reading-91d8a778b90f790b
	Recent	ui-recent-44914fdf8a0da00c
	Recent Items	ui-recent-items-b30bda9a23a456f8
	Recent file count	ui-recent-file-count-0f0c236d3c107445
	Recent files	ui-recent-files-3320b6db90c3a4d3
	Recent fonts	ui-recent-fonts-d222e8aae365fae6
	Recently Used	ui-recently-used-842fd3c3229a4724
	Reconstruct	ui-reconstruct-d91663d6260a48cf
	Record Measurements	ui-record-measurements-27204f02e302fdf7
	Record ● a sequence of edits, then play ▶ it on any document.	ui-record-a-sequence-of-edits-then-play-it-o-c0b04a30912e11e2
	Recover on launch	ui-recover-on-launch-75d23b8b4232fb39
	Recovery	ui-recovery-7e50a417e2a3f2a4
	Rectangle	ui-rectangle-83c0e98d088e8bec
	Rectangle Tool	ui-rectangle-tool-124df2465a78b01e
	Rectangular Marquee Tool	ui-rectangular-marquee-tool-68c135809033d309
	Red	ui-red-88116e7e0c857056
	Red Eye	ui-red-eye-96b14bb055bf9143
	Redefine style by current selection	ui-redefine-style-by-current-selection-49d130f0e168560a
	Redo	ui-redo-bb0ef92f46bdb0db
	Reds	ui-reds-bb0ee52f46bd8edf
	Reduce Noise…	ui-reduce-noise-662854e3e0397b99
	Reference point location	ui-reference-point-location-d5d0aada333a3e05
	Reflected	ui-reflected-5a58ced77d64b0ed
	Reflected Gradient	ui-reflected-gradient-6c5e3c479dbe643b
	Registration Marks	ui-registration-marks-3a37216f2ea991e4
	Regular	ui-regular-919edb23c43e78f9
	Relative	ui-relative-8d3d701cd5fdaf4f
	Relative Colorimetric	ui-relative-colorimetric-e01d0c90a2be5727
	Release Clipping Mask	ui-release-clipping-mask-d9511a1a14a1c766
	Relink to File…	ui-relink-to-file-c1ac46c200a164e5
	Reload Frame	ui-reload-frame-ae7681cb922035b3
	Remember workspace changes	ui-remember-workspace-changes-bec6ee08b23eccd0
	Remove	ui-remove-f812c7145e261c23
	Remove All Pins	ui-remove-all-pins-ca3eab656c957c74
	Remove Background	ui-remove-background-b72789446b869309
	Remove Black Matte	ui-remove-black-matte-97560383fde065fd
	Remove Planes	ui-remove-planes-307e6b7371b10a9e
	Remove Warp Split	ui-remove-warp-split-2001259b1a57e117
	Remove White Matte	ui-remove-white-matte-500d55b8910deeaf
	Remove stop	ui-remove-stop-b3cfcb6f0913bc69
	Remove variable	ui-remove-variable-b3fcd98c98224981
	Rename	ui-rename-d7b51cfc5837e755
	Rename Brush…	ui-rename-brush-d1304f98c0e6f2f3
	Rename Group…	ui-rename-group-2cdd688082a286d6
	Rename Layer	ui-rename-layer-e621f0a636157140
	Rename Layer Comp	ui-rename-layer-comp-c52bb894c6b6d4d7
	Rename Layer…	ui-rename-layer-878203cf79b1de3c
	Rename Tool Preset…	ui-rename-tool-preset-534fdde880250528
	Rename…	ui-rename-6c41bd2755ee176b
	Render	ui-render-f44482fc691f7493
	Render Video…	ui-render-video-f6cb7f3916deb704
	Repeat	ui-repeat-3e38ef62b047cd38
	Replace All Missing Fonts	ui-replace-all-missing-fonts-814a68b7bbe99848
	Replace Color…	ui-replace-color-5c56f2ae764941fa
	Replace Contents…	ui-replace-contents-9ff6031ca8edd123
	Replace Footage…	ui-replace-footage-c9fc761dd7955682
	Report an Issue…	ui-report-an-issue-4db5116de1dae62d
	Resample	ui-resample-13091491b016ab24
	Reselect	ui-reselect-8b42ed709f761c0e
	Reset	ui-reset-28450354f52cb7ae
	Reset Alignment	ui-reset-alignment-de99ce443912a85f
	Reset All to Defaults	ui-reset-all-to-defaults-2110599c03774b8c
	Reset GPU Backend	ui-reset-gpu-backend-c242574510e63df8
	Reset Section	ui-reset-section-1555592178eaa045
	Reset Transform	ui-reset-transform-c6a67438b8b36cb2
	Reset Workspace	ui-reset-workspace-d7c759652b7ff2db
	Reset the brush to the defaults	ui-reset-the-brush-to-the-defaults-665697e36177d7c5
	Reset to defaults	ui-reset-to-defaults-122368e92de6e29f
	Resize image during place	ui-resize-image-during-place-467bad7f62f9dbec
	Resolution	ui-resolution-4ce3c6592b7c1bcd
	Resolution:	ui-resolution-23260084e3e384b5
	Resolution: {dpi} pixels/inch	ui-resolution-dpi-pixels-inch-a3cd9b8a99f6b348
	Resolve Missing Fonts…	ui-resolve-missing-fonts-0c4d43d81ea8bacd
	Restore All	ui-restore-all-7fef7bbac375a484
	Restore All Frames	ui-restore-all-frames-833977045e874c4e
	Restore Defaults	ui-restore-defaults-95ae0f5224baf9f7
	Restore Frame	ui-restore-frame-5e331e11eb9f6406
	Restore last viewed comp	ui-restore-last-viewed-comp-f2cf5460bb42cba2
	Restore original size	ui-restore-original-size-993c56a078330757
	Restrictive (Web)	ui-restrictive-web-40bf9cb3013caff6
	Result	ui-result-10c5e35c4da82246
	Reticulation	ui-reticulation-aea2deae4f7a1238
	Reveal All	ui-reveal-all-ab63e4454db77885
	Reveal Selection	ui-reveal-selection-054c4bfa0c02b260
	Reveal in Finder	ui-reveal-in-finder-699cabf12302e85f
	Reverse	ui-reverse-ca95c3c55e05662b
	Revert	ui-revert-a6ca2131e3611c19
	Revert “{name}” to the last saved version? Your changes will be lost.	ui-revert-name-to-the-last-saved-version-yo-87b7ef7f1b204fa6
	Right	ui-right-7e1a7dba9a84dccb
	Right Edges	ui-right-edges-cc2bd92caeb19321
	Right align text	ui-right-align-text-ca6de91da1e00ddd
	Right click with painting tools	ui-right-click-with-painting-tools-cae3ffa2c2bfd928
	Rigid	ui-rigid-7e176fba9a828f2a
	Ripple…	ui-ripple-15738032585ce5eb
	Rise	ui-rise-23adcf2f8230754a
	Roman	ui-roman-0b06cb84c9b9947c
	Roman Hanging Punctuation	ui-roman-hanging-punctuation-b7c67ad951476a24
	Rotate	ui-rotate-672b88663de6cf2c
	Rotate 180°	ui-rotate-180-641a2aae36c67375
	Rotate 90° Clockwise	ui-rotate-90-clockwise-6d6765d354cdf40d
	Rotate 90° Counter Clockwise	ui-rotate-90-counter-clockwise-dfd03fea27330629
	Rotate Auto	ui-rotate-auto-e13ccc6806d977c3
	Rotate Fixed	ui-rotate-fixed-0a90373e325c151e
	Rotate View	ui-rotate-view-db81b0d3c1a858dd
	Rotate view with trackpad	ui-rotate-view-with-trackpad-3c15038ce738e009
	Rotate:	ui-rotate-35c7dbbb2f31e262
	Rotation	ui-rotation-b6243111448bc781
	Roughness	ui-roughness-5300b56df8586183
	Roundness	ui-roundness-29335974bf6801f2
	Roundness Jitter	ui-roundness-jitter-b4200a8afa26003c
	Roundness:	ui-roundness-6a42c9613dbb06d8
	Ruler	ui-ruler-09c12bd133985e69
	Ruler Tool	ui-ruler-tool-5ffeee07041b5b45
	Ruler Units	ui-ruler-units-47917b18897be816
	Rulers	ui-rulers-2b9b8e7aabe7e62e
	Rulers  (⌘R)	ui-rulers-r-00fc815d02bc04a1
	Rulers & Grids	ui-rulers-grids-9cd93d2b76f5663d
	SMPTE C	ui-smpte-c-f8071a9ee9fc783b
	Same folder	ui-same-folder-66e0883669b7042f
	Sample All Layers	ui-sample-all-layers-fd67756ff1544318
	Sample:	ui-sample-bd8090f687415b75
	Sample: foreground colour	ui-sample-foreground-colour-801c387e6c80ec96
	Sampled Colors	ui-sampled-colors-1f5ee4fbce9c06e5
	Sampler	ui-sampler-bd80d8f68741d5cd
	Sampling: Background Swatch	ui-sampling-background-swatch-636e6c4891a4024c
	Sampling: Continuous	ui-sampling-continuous-5dd49d6b6ae5d3f7
	Sampling: Once	ui-sampling-once-e4bab686a4e23735
	Satin	ui-satin-70e4ab19523eced2
	Satin…	ui-satin-dcb211690c6672e2
	Saturate	ui-saturate-2551e0c2f7db1c5e
	Saturation	ui-saturation-d71c9cb7228f3ccb
	Saturation Jitter	ui-saturation-jitter-9d89bf423acb2be7
	Save	ui-save-ce00c3235e535eaa
	Save As…	ui-save-as-e5124007b766f07a
	Save Default Type Styles	ui-save-default-type-styles-127f33707e35e885
	Save HTML and Images	ui-save-html-and-images-ebc25f558d34fce8
	Save Pixel Aspect Ratio	ui-save-pixel-aspect-ratio-e5a86b374fc86001
	Save Preset…	ui-save-preset-2328ef2728084c33
	Save Selection	ui-save-selection-65137d0b89b4d128
	Save Selection…	ui-save-selection-8e7ebec6daa582b4
	Save a Copy…	ui-save-a-copy-57a1a3417c831246
	Save as PDF	ui-save-as-pdf-8b7cebd91ca4ac34
	Save for Web (Legacy)…	ui-save-for-web-legacy-fdd9a69d07a54f8d
	Save in background	ui-save-in-background-5b7c5c7e1adad12f
	Save selection as channel	ui-save-selection-as-channel-096dcaa2c6049ae3
	Saved	ui-saved-5eaa631947aa180a
	Saved Multichannel	ui-saved-multichannel-b8a57129424ad016
	Save…	ui-save-8c0b18e9eda618aa
	Scale	ui-scale-5453592a5af14dff
	Scale Effects…	ui-scale-effects-11e218c0363f0ce3
	Scale Horizontally	ui-scale-horizontally-82b9de87fb0529ca
	Scale Vertically	ui-scale-vertically-11fa904a7fa3174c
	Scale to Fit Media	ui-scale-to-fit-media-8d19640c9604eb6f
	Scatter	ui-scatter-0083f819f7085cc3
	Scattering	ui-scattering-0fbe477093686f35
	Scratch Disks	ui-scratch-disks-bedea27e301babc1
	Scratch Disks…	ui-scratch-disks-5b9608a9904fb227
	Scratch Sizes	ui-scratch-sizes-e11b8017f6a90ca9
	Scratch disks	ui-scratch-disks-7e9e89e4a230fe21
	Scratch: {size}	ui-scratch-size-84a35961e9202f6e
	Screen	ui-screen-acc2f599851528d3
	Screen Mode	ui-screen-mode-c3aec49eb82bd7a6
	Screen resolution	ui-screen-resolution-d835beb3de80c9fb
	Script Events Manager…	ui-script-events-manager-9b68ea8921c19d4a
	Scripts	ui-scripts-98ffef4200bb8b61
	Scrubby Zoom	ui-scrubby-zoom-be94ebd193e23a8a
	Scrubby slider acceleration	ui-scrubby-slider-acceleration-4df9378eec0d56f0
	Search	ui-search-b9de9d249705516f
	Search Brushes	ui-search-brushes-8fd13968d7499fbb
	Search commands	ui-search-commands-06281fb5f33866cb
	Search commands (⌘K)	ui-search-commands-k-42c42cece76a4de7
	Search commands, tools and panels…	ui-search-commands-tools-and-panels-4b0d545c890cd526
	Search fonts	ui-search-fonts-207ab51cfaceba41
	Search…	ui-search-308efd5af041d729
	Second Color Readout	ui-second-color-readout-9c7065528e78f8a0
	Select	ui-select-20afb48ffe418f4f
	Select All	ui-select-all-707ff6825939c50c
	Select All Layers	ui-select-all-layers-1faac7e78f3cab66
	Select Bottom Layer	ui-select-bottom-layer-5229b4bd48075abb
	Select Data Points	ui-select-data-points-f0bf806cde5acd04
	Select Data Points…	ui-select-data-points-231df87e000b2dd0
	Select Folder…	ui-select-folder-0aac0678d7c0f94b
	Select Layer Above	ui-select-layer-above-bb454dfd3cc5c01b
	Select Layer Below	ui-select-layer-below-2ebbdfa8c7074ea7
	Select Linked Layers	ui-select-linked-layers-1372c4229a2852ea
	Select Plane	ui-select-plane-ed0724f38a36575d
	Select Similar Colors	ui-select-similar-colors-bc2474afa6c0302a
	Select Subject	ui-select-subject-1dd3504bf72b6c67
	Select Top Layer	ui-select-top-layer-c7f72dd94f5c4dd9
	Select a type layer or click into text to insert glyphs	ui-select-a-type-layer-or-click-into-text-t-43e85e07f7503da4
	Select a type layer to edit its character and paragraph settings.	ui-select-a-type-layer-to-edit-its-characte-1ed64ac8e6a5d2b5
	Select and Mask…	ui-select-and-mask-1cb641c106af13d2
	Select text to apply a character style	ui-select-text-to-apply-a-character-style-7b4786ca1b3b0a6e
	Select:	ui-select-cc1f45ad0966c3cf
	Selected Areas	ui-selected-areas-fd185287cecd47f4
	Selection	ui-selection-89b473d8a650a4cb
	Selection Edges	ui-selection-edges-10f0b5fc33c11b21
	Selections	ui-selections-4e4591229b07e4a8
	Selective	ui-selective-895f78d8a6086d4b
	Selective Color	ui-selective-color-68c4fe8ed142ab94
	Selective Color…	ui-selective-color-45e0a6dc7bb0a040
	Semi Bold	ui-semi-bold-2ab4997d447a1c4c
	SemiBold	ui-semibold-44807ca6c9eff932
	Send Backward	ui-send-backward-d37960b7d2f8771e
	Send the selected pin backward	ui-send-the-selected-pin-backward-72893a04579fcf71
	Send to Back	ui-send-to-back-734bde4805becf01
	Sessions only	ui-sessions-only-5bbd361c6717946c
	Set Measurement Scale…	ui-set-measurement-scale-4b8d433a1e169e29
	Set New Snapshot as Default	ui-set-new-snapshot-as-default-92ca61404557bf22
	Set Start Timecode…	ui-set-start-timecode-2564227659cfcddd
	Set additional smoothing options	ui-set-additional-smoothing-options-99f0aaea54a2e922
	Set background color	ui-set-background-color-876066fdd53af1ec
	Set foreground color	ui-set-foreground-color-ab148f6fba123d15
	Set painting symmetry options	ui-set-painting-symmetry-options-8e98ad5d74801895
	Set shape fill type	ui-set-shape-fill-type-219ecb592293d193
	Set shape stroke type	ui-set-shape-stroke-type-a38ffaf96d142f94
	Set the text color	ui-set-the-text-color-cb86a3068f3cd2c6
	Settings	ui-settings-ef8bc95b8e198e52
	Settings:	ui-settings-24158e92756cfab8
	Settings…	ui-settings-cf6eec6fc8e57e62
	Shadows	ui-shadows-d96716d0107dc7bc
	Shadows up to:	ui-shadows-up-to-23eb3dc0d9658204
	Shadows/Highlights…	ui-shadows-highlights-2338ada78991f70c
	Shape	ui-shape-84a4895413099248
	Shape Blur…	ui-shape-blur-2d30bb0bd08dd947
	Shape Dynamics	ui-shape-dynamics-82a1a6f2ba46028e
	Shape Layer	ui-shape-layer-a40de56b621161ed
	Shape:	ui-shape-6d27cbdc5943d7b6
	Shapes	ui-shapes-6d2794dc59437a41
	Sharp	ui-sharp-849e72541304ff85
	Sharpen	ui-sharpen-9efc705e7a70e90a
	Sharpen Edges	ui-sharpen-edges-54bfdcf839459acc
	Sharpen More	ui-sharpen-more-6c56fe5fa396f4bf
	Sharpen Tool	ui-sharpen-tool-495825132ec67198
	Sharpen for	ui-sharpen-for-a0a71a71eccaf255
	Sharpening	ui-sharpening-f42a6e1ff5a78276
	Sharpness	ui-sharpness-3c4bf4efd0a270aa
	Shear…	ui-shear-7f5ddb94e60b6108
	Shell Lower	ui-shell-lower-9a5cf3f1252fc476
	Shell Upper	ui-shell-upper-9eca01f8c0d1f003
	Shift	ui-shift-cc9fb6543c9236b5
	Shortcut removed.	ui-shortcut-removed-a5b3eba0b2a2a6f9
	Show	ui-show-0b05e02380ff65f2
	Show All Menu Items	ui-show-all-menu-items-64708651eb731914
	Show Altered Video	ui-show-altered-video-7cf4018f0a49d8d4
	Show Backdrop	ui-show-backdrop-d7680325662d652c
	Show Extras Options	ui-show-extras-options-23cb1dfffddb2ba3
	Show Extras Options…	ui-show-extras-options-67ca264f1367f13d
	Show Guides	ui-show-guides-42fe99c6ca434d17
	Show Guides  (⌘;)	ui-show-guides-7faab6fa48e49c0d
	Show Mask	ui-show-mask-bb7af932dfbcbc66
	Show Mesh	ui-show-mesh-dc6ea432f1ec671f
	Show New Snapshot Dialog by Default	ui-show-new-snapshot-dialog-by-default-d47b516cf56abf84
	Show Overlay	ui-show-overlay-2b962662d8b5b07e
	Show Transform Controls	ui-show-transform-controls-82d860e45090ae14
	Show channels in color	ui-show-channels-in-color-10798f4cda3b0a56
	Show crosshair in brush tip	ui-show-crosshair-in-brush-tip-f34eb31da8b5ef40
	Show extension panels	ui-show-extension-panels-907f2f7248680b6a
	Show font names in english	ui-show-font-names-in-english-61d1f0cd73a666f2
	Show menu colors	ui-show-menu-colors-e8bafaf8356bcfdb
	Show only crosshair while painting	ui-show-only-crosshair-while-painting-2a3f3cd85fa542c7
	Show or hide the Notes panel	ui-show-or-hide-the-notes-panel-bcab173de052593d
	Show slice numbers	ui-show-slice-numbers-f6d919f7a4a9429a
	Show the layer mask as an overlay	ui-show-the-layer-mask-as-an-overlay-0b53cfff5f025973
	Show the layer's effects  ({key}-click: all layers)	ui-show-the-layer-s-effects-key-click-all-l-a151c3841cf5912a
	Show the layer's effects  (⌥-click: all layers)	ui-show-the-layer-s-effects-click-all-layer-b07f5ba1937c9fc8
	Show tooltips	ui-show-tooltips-a07de47d80dd2fba
	Show transformation values	ui-show-transformation-values-558ca7363b043293
	Show:	ui-show-ba61a45431f9f2d8
	Shutter Speed	ui-shutter-speed-22e03ade97f42a9b
	Sides	ui-sides-78acb85ffeed5a95
	Sides:	ui-sides-fad7fa1e2d51175d
	Similar	ui-similar-4e3f75338dc2a8a4
	Single Word Justification	ui-single-word-justification-04a621a3f9461abf
	Size	ui-size-16021b2387e0b7d6
	Size Jitter	ui-size-jitter-930feff1bfab4a70
	Size:	ui-size-464c095fe2d88604
	Skew	ui-skew-24d96b238f94890d
	Skewness	ui-skewness-c9a00f95c6bb4ec2
	Sky	ui-sky-7d113e7e05a0484c
	Slice Options…	ui-slice-options-2a1d17b1bb167ac3
	Slice Select Tool	ui-slice-select-tool-56191ab7f908ea59
	Slice Tool	ui-slice-tool-1349b00397ac467f
	Slice color	ui-slice-color-7718c8084b1b6340
	Slices	ui-slices-2824433449fae824
	Slices From Guides	ui-slices-from-guides-772d9fd98b0259bd
	Slices are locked (View › Lock Slices)	ui-slices-are-locked-view-lock-slices-401017821b19dc96
	Small	ui-small-bea7703c415c702e
	Small Caps	ui-small-caps-e2a4fac8716024bb
	Smart Blur…	ui-smart-blur-d4d486345031071f
	Smart Filter	ui-smart-filter-1a916b470aa0ffa2
	Smart Filters	ui-smart-filters-c6191ab70f92b023
	Smart Guides	ui-smart-guides-28bfdac6cab8a8a1
	Smart Object	ui-smart-object-aca3e41563574087
	Smart Object Layer	ui-smart-object-layer-24f1982b88d84116
	Smart Objects	ui-smart-objects-b1bd8457cd435e9c
	Smart Sharpen…	ui-smart-sharpen-ca2a8f2444f11051
	Smart guide color	ui-smart-guide-color-0f55d4c3011d8f2f
	Smart quotes	ui-smart-quotes-8315446842b596f5
	Smooth	ui-smooth-d811d5325411dbad
	Smoothing	ui-smoothing-f94b46943ecf2e53
	Smooth…	ui-smooth-0464ca9201410d33
	Smudge Tool	ui-smudge-tool-02e2207f36ab5ddc
	Snap	ui-snap-f99ea123771e4387
	Snap To	ui-snap-to-80c2f63e3f712a64
	Snap vector tools and transforms to pixel grid	ui-snap-vector-tools-and-transforms-to-pixe-e7bd03a72a7195fa
	Snapshot 1	ui-snapshot-1-8c750584b60c9adc
	Snapshots	ui-snapshots-31fea07601981cdc
	Soft	ui-soft-040bb6237d859c93
	Soft Light	ui-soft-light-542cc699170b00f3
	Soften	ui-soften-88150d07ce80f984
	Software	ui-software-d44afac479e39cce
	Solarize	ui-solarize-aee1ad180abbbb92
	Solid Color…	ui-solid-color-89cc3a91fad7e467
	Source	ui-source-46526b6c96e7851a
	Source: not set ({key}-click with Clone Stamp)	ui-source-not-set-key-click-with-clone-stam-b6e246b9bc042f10
	Source: set	ui-source-set-17d9b421e76d93f0
	Space After	ui-space-after-1e7b95e5c4117f15
	Space Before	ui-space-before-7a913ff05b03defa
	Spacing	ui-spacing-04a9188775e9b80c
	Spacing:	ui-spacing-d50ce42d5c2403c2
	Spell check complete.	ui-spell-check-complete-253378788bda88d8
	Spherize…	ui-spherize-6c7e4f28868802fd
	Spin Blur…	ui-spin-blur-307f0ede289f7ae8
	Split Toning	ui-split-toning-cd30d950a18ea864
	Split Warp Crosswise	ui-split-warp-crosswise-b85d8f443adeb801
	Split Warp Horizontally	ui-split-warp-horizontally-f162ad00cafbf82c
	Split Warp Vertically	ui-split-warp-vertically-bbbf774d89096efe
	Split at Playhead	ui-split-at-playhead-4a95a33c1c193c5a
	Split:	ui-split-e1c981c6d30886e5
	Sponge Tool	ui-sponge-tool-e7bc043cae615e55
	Spot Channel	ui-spot-channel-236b0b462ce58444
	Spot Color	ui-spot-color-d4a83ff05ef21ad8
	Spot Healing	ui-spot-healing-bcac570ea82d0bbd
	Spot Healing Brush Tool	ui-spot-healing-brush-tool-f6e545cb580060d9
	Spot:	ui-spot-2f2f4e9694c8dac7
	Spread	ui-spread-541b31b4d86412b0
	Square	ui-square-af908ad98d533548
	Square 1:1	ui-square-1-1-e6c9e86c3fb7e676
	Square, 12 x 12	ui-square-12-x-12-45499f99f23cf68a
	Square, 5 x 5	ui-square-5-x-5-d95ac8dae92e0f94
	Squeeze	ui-squeeze-0f5e118c9433ba15
	Srgb	ui-srgb-61969f23b20301c7
	Stack Mode	ui-stack-mode-e26b1040f1a4afac
	Stamp	ui-stamp-5b5c5077e1a0cdce
	Stamp Down	ui-stamp-down-122cd50de8df9bc2
	Stamp Visible	ui-stamp-visible-a4a886a1ebbc278c
	Standard	ui-standard-2c62dc4672b0368e
	Standard Deviation	ui-standard-deviation-42ec42d6f6749fd5
	Standard Ligatures	ui-standard-ligatures-13ab37ee26495e08
	Standard Screen Mode	ui-standard-screen-mode-ae7a0a3b1b169109
	Star ratio	ui-star-ratio-9363e435aded0e30
	Statistics…	ui-statistics-a7b44673b62a9fd8
	Status Information	ui-status-information-22c0a472a9471caf
	Std Dev:	ui-std-dev-f5ff3db502261233
	Step Backward	ui-step-backward-c0657e07f18988aa
	Step Forward	ui-step-forward-b39286cbac324924
	Stop	ui-stop-2f799723962762c7
	Stop For Errors	ui-stop-for-errors-2142497b0ae1525f
	Stop playing/recording	ui-stop-playing-recording-300a0bfcaa93117d
	Story 9:16	ui-story-9-16-35ed85c9f46c846c
	Straighten	ui-straighten-c4ff1214b6f0f23a
	Straighten Layer	ui-straighten-layer-9d2e02f17a097e23
	Strength:	ui-strength-576d3c1f8c34c670
	Strikethrough	ui-strikethrough-aa178787d24bfe5a
	Stroke	ui-stroke-395300372f89fcbf
	Stroke Catch-up	ui-stroke-catch-up-6f6524919c63b74e
	Stroke Path	ui-stroke-path-928631a432241fae
	Stroke path with brush	ui-stroke-path-with-brush-9c01cbb347fa04e2
	Stroke:	ui-stroke-f205e2c5c77815ff
	Stroke…	ui-stroke-828b007bd6ed0c59
	Strong	ui-strong-396432372f98c4e8
	Studio	ui-studio-dc040d500f4df375
	Studio (Dark)	ui-studio-dark-ec97660561889084
	Studio (Light)	ui-studio-light-9c36dd36c6ed4672
	Studio Light Theme	ui-studio-light-theme-bcc0612dfb010454
	Studio Theme	ui-studio-theme-733324829a2d9420
	Studio light	ui-studio-light-0081a9d369b008a9
	Style	ui-style-16b6e977baee2fa0
	Style Options	ui-style-options-9fab0b037fa3dd1e
	Style Options…	ui-style-options-830b4250188a3d4e
	Style: Normal	ui-style-normal-65d16782d275db39
	Styles	ui-styles-86fe8972a2bb4389
	Stylistic Alternates	ui-stylistic-alternates-6f960d1d64fa0bfa
	Stylize	ui-stylize-86aa89cabfe15dcd
	Stylus Wheel	ui-stylus-wheel-9e388ad0862f66aa
	Subdivisions	ui-subdivisions-614cad83153cef15
	Subject	ui-subject-3e1f3fcffaae513d
	Subject Distance	ui-subject-distance-1ca88071e9df0120
	Subscript	ui-subscript-62e307c4acd91114
	Subtract	ui-subtract-8dc9ece5f9382e1b
	Subtract Front Shape	ui-subtract-front-shape-1037dbcc26791c89
	Subtract from	ui-subtract-from-0136b3deafe79ed9
	Subtract from Sample	ui-subtract-from-sample-d6c228d52d5c99f1
	Subtract from selection  ({key})	ui-subtract-from-selection-key-6bf04a559d0b091f
	Subtract from selection  (⌥)	ui-subtract-from-selection-d46f1751432c8831
	Suggestions:	ui-suggestions-db5925d24277be1a
	Summation	ui-summation-c53fa29912253c2e
	Superscript	ui-superscript-99a45cb571f46c89
	Supplemental Categories	ui-supplemental-categories-7b3f4ffaaa384fa7
	Surface Blur…	ui-surface-blur-fbdf9ab449cd2479
	Swap colours (X)	ui-swap-colours-x-270e4107f5b1db82
	Swaps height and width	ui-swaps-height-and-width-1311adeefea08931
	Swash	ui-swash-fd95c68f9ebb00bb
	Swatches	ui-swatches-8b54ad012b0bc83f
	Switch between free transform and warp modes	ui-switch-between-free-transform-and-warp-m-ffa74d12b9498a48
	Switch theme	ui-switch-theme-0b4c282fc8089a4a
	Symbols	ui-symbols-ce309d4c47a33a6c
	System	ui-system-cb0a7d2969f9fa5e
	System Info	ui-system-info-b9782be2507c2422
	System Info…	ui-system-info-2b64529f1a15bad2
	Tabloid	ui-tabloid-f134a1a0ed16075e
	Target Path	ui-target-path-e8f368760eab594d
	Technology Previews	ui-technology-previews-3072798703754006
	Technology Previews…	ui-technology-previews-0452406ec4e33146
	Temperature	ui-temperature-a94984343a5e6bdb
	Tetrahedral	ui-tetrahedral-4e2fca5c87e3fda9
	Text Position:	ui-text-position-d3407dc8a20acd63
	Text Replacement	ui-text-replacement-4733377665069e64
	Text color	ui-text-color-1fb477574d8a330f
	Text engine	ui-text-engine-50462bcd706a8b3a
	Text file	ui-text-file-5a7a04f9a30a51ee
	Texture	ui-texture-6b9af49cafa3099e
	Texture Each Tip	ui-texture-each-tip-13b3a9738709601a
	The current gradient (pick one in Window › Gradients)	ui-the-current-gradient-pick-one-in-window-g-98e4325b38ed895f
	Theme	ui-theme-dd3b8e572fff4d90
	These settings aren't available in PhotoCraft yet.	ui-these-settings-aren-t-available-in-photo-62584644c52c9f5a
	Thin	ui-thin-c145211da00c0a28
	Threshold	ui-threshold-cbe176ee3b22601a
	Threshold Level	ui-threshold-level-c51d8020736bd40c
	Threshold…	ui-threshold-37814356fd67177a
	Thumbnail size (smallest: list)	ui-thumbnail-size-smallest-list-ce169a9491757e60
	Tile	ui-tile-b985df1d9bead04b
	Tile All Horizontally	ui-tile-all-horizontally-3b795cd01828128f
	Tile All Vertically	ui-tile-all-vertically-8743e983fdc68929
	Tiles…	ui-tiles-c70de198c8c12cb4
	Tilt	ui-tilt-b985ee1d9beae9c8
	Tilt Scale	ui-tilt-scale-0f517fa418f9c39a
	Tilt X	ui-tilt-x-abbd33d519d87220
	Tilt Y	ui-tilt-y-abbd34d519d873d3
	Tilt-Shift…	ui-tilt-shift-8799f96553c9d6cb
	Time	ui-time-b98a031d9beef64e
	Timecode	ui-timecode-99850edb120ae613
	Timeline	ui-timeline-293af480bed376a4
	Timing	ui-timing-15e8bbe0b7db5239
	Tint	ui-tint-b98ce21d9bf0f412
	Tiny	ui-tiny-b98ce71d9bf0fc91
	Titling Alternates	ui-titling-alternates-e71af003a54be91f
	Toggle Last State	ui-toggle-last-state-2bcc1769eddf4498
	Toggle count group visibility	ui-toggle-count-group-visibility-a8b8977f8cce2fd1
	Toggle reference point	ui-toggle-reference-point-0cd01c6441e56224
	Toggle text orientation	ui-toggle-text-orientation-f1fd9bed8d5a9e60
	Toggle the Brush Settings panel  (F5)	ui-toggle-the-brush-settings-panel-f5-c2432ce01d8e1897
	Toggle visibility	ui-toggle-visibility-e02054abc967b951
	Tolerance	ui-tolerance-618678642eb8bb3e
	Tolerance:	ui-tolerance-7039963b63e5c7cc
	Tone Curve	ui-tone-curve-3c38614e6901ed10
	Tone:	ui-tone-af2b8280b2e3e4b3
	Tool Presets	ui-tool-presets-bcdaf1a14550b39d
	Toolbar	ui-toolbar-dafc8fbbdcafabd6
	Toolbars	ui-toolbars-cad3e137fe80a95f
	Toolbar…	ui-toolbar-8d8fe2a30291e1b6
	Tools	ui-tools-b603f280b6413e9e
	Tools…	ui-tools-cb6b5ca7ca073cce
	Top	ui-top-7622187e02308d3e
	Top Edges	ui-top-edges-98f1a227efff9ac0
	Torn Edges	ui-torn-edges-0a0957dc6e1d2e44
	Total Ink	ui-total-ink-915d776b2e77e00f
	Total:	ui-total-1879317f42087d47
	Touch gestures	ui-touch-gestures-45c4b4b0d4e2cad2
	Trace Contour…	ui-trace-contour-b47853f669479682
	Tracking	ui-tracking-62eb5c65f3738f62
	Tracking (1/1000 em)	ui-tracking-1-1000-em-8b3ff3db522756ee
	Traditional (72.27 points/inch)	ui-traditional-72-27-points-inch-b91df7723d34cbb1
	Transfer	ui-transfer-30284db8ea07ca64
	Transform	ui-transform-88aea4357cbf84a1
	Transform Again on a Copy	ui-transform-again-on-a-copy-6551fe558ac26832
	Transform Selection	ui-transform-selection-7fd8ab33590e86b7
	Transmission Reference	ui-transmission-reference-61b3f73080d99b56
	Transparency	ui-transparency-eb207d2209c87129
	Transparency & Gamut	ui-transparency-gamut-95fb3030d7d6ee09
	Transparency & Gamut…	ui-transparency-gamut-ffad1074b11dfbff
	Transparent	ui-transparent-a757aaf321914e7b
	Trap…	ui-trap-6caa6b7e5fcbd054
	Tree…	ui-tree-773807562a90937d
	Triangle Tool	ui-triangle-tool-6e94c7252b8d1d2b
	Trilinear	ui-trilinear-cdcb060cb3ae0139
	Trim…	ui-trim-842c60233e7fd6d1
	Twirl…	ui-twirl-1ae7a82afd4126b9
	Twist	ui-twist-db6d94b6723bdc06
	Type	ui-type-2d126f1d4bd6b8c7
	Type Layer	ui-type-layer-c65da3009080c4d6
	Type Options	ui-type-options-39b7581d466a13c5
	Type Styles	ui-type-styles-0c334de248cf2c7f
	Type units	ui-type-units-4cb22fc973f21c1c
	Type:	ui-type-6d0bcbc7dddc55e7
	Type…	ui-type-ff6238716f13c1f1
	UHD 4K	ui-uhd-4k-14a4ce43a574eb97
	UHD 4K Portrait	ui-uhd-4k-portrait-d52f839571d5640a
	UHD 8K	ui-uhd-8k-14ce0643a5984fd3
	UI font size	ui-ui-font-size-50259308b290514b
	UI scale	ui-ui-scale-1e1a04f2617db42f
	URLs	ui-urls-ff6c3612f25809d1
	Ultra Bold	ui-ultra-bold-0e750679c9b01556
	Ultra Light	ui-ultra-light-5c45c78dc6114def
	Uncoated CMYK	ui-uncoated-cmyk-560a33ddf6798c06
	Underline	ui-underline-9197a0635d04a901
	Undo	ui-undo-0e28c6126a0cf889
	Ungroup Layers	ui-ungroup-layers-19858179651edb13
	Unite Shapes	ui-unite-shapes-23e9aaea07900c9a
	Units	ui-units-4786604a4c89bd8a
	Units & Rulers	ui-units-rulers-286a33cb132c841d
	Units & Rulers…	ui-units-rulers-70d033ebfa3d7283
	Unix	ui-unix-0e39b5126a1b4ed9
	Unknown	ui-unknown-f1645a05af505be7
	Unlink Layer Mask	ui-unlink-layer-mask-f0198b1c7d36b0fb
	Unlink the mask from the layer	ui-unlink-the-mask-from-the-layer-ffb14013e1646965
	Unlock: picking a preset replaces these settings	ui-unlock-picking-a-preset-replaces-these-s-7c0ccdbb6e2499d1
	Unsaved changes	ui-unsaved-changes-d532ec89f9f9f566
	Unsharp Mask…	ui-unsharp-mask-a3ea6158c30dde78
	Untagged {mode}	ui-untagged-mode-3e6f1430e99ca115
	Untitled	ui-untitled-49657903b7b9a626
	Untitled-1	ui-untitled-1-97df4df5570d0580
	Update All Modified Content	ui-update-all-modified-content-b7f188ed61c57805
	Update All Text Layers	ui-update-all-text-layers-c69bbc2d13376dee
	Update Layer Comp	ui-update-layer-comp-d936cc84e843270a
	Update Modified Content	ui-update-modified-content-aa130991d9506ee4
	Update layer comp (visibility, position and appearance)	ui-update-layer-comp-visibility-position-an-c468b094f20f217d
	Urgency	ui-urgency-40f7bbb79c23dcea
	Use Default	ui-use-default-2576facc5f89bb0f
	Use Legacy	ui-use-legacy-ce8f790b3275eb99
	Use Measurement Scale	ui-use-measurement-scale-a911247354998ef0
	Use additional plugins folder	ui-use-additional-plugins-folder-bc4ac8d2e73c0021
	Use esc to commit	ui-use-esc-to-commit-e1598c8a658934e5
	Use gpu	ui-use-gpu-21c933d7f0044a18
	Use legacy free transform	ui-use-legacy-free-transform-d3c2a55e54e454a5
	Use shift key for tool switch	ui-use-shift-key-for-tool-switch-d561144c01d2eea4
	Use tablet pressure	ui-use-tablet-pressure-00db4939c100804d
	Use the embedded profile (instead of the working space)	ui-use-the-embedded-profile-instead-of-the-w-b02d078da80fffa8
	Uses the foreground and background colors.	ui-uses-the-foreground-and-background-color-d753003d59f7112a
	Uses the foreground and background colours.	ui-uses-the-foreground-and-background-colou-0293c569938dd825
	Vanishing Point…	ui-vanishing-point-8b7855c32301b32e
	Variable Data Sets…	ui-variable-data-sets-c0d2457e00ca111e
	Variables	ui-variables-26a961520739d960
	Variables bind a layer's visibility, text or pixels to a named data slot.	ui-variables-bind-a-layer-s-visibility-text-83d2262d285a558b
	Variance	ui-variance-4ce6c96ddf2a9c80
	Vary round brush hardness on hud	ui-vary-round-brush-hardness-on-hud-7c2c7f672d58ace1
	Vector Mask	ui-vector-mask-52988c474ab72524
	Vector Mask from Current Path	ui-vector-mask-from-current-path-d2068e171b3089ac
	Version {version}	ui-version-version-9791adbb9df15adb
	Vertical	ui-vertical-49275d44526d4801
	Vertical Centers	ui-vertical-centers-4c9059f444f2543f
	Vertical scale	ui-vertical-scale-c4c8ddfb2cd4ff6b
	Vertical type	ui-vertical-type-3fbc9ca710f7a06b
	Vertically	ui-vertically-bdacaee2ab93678a
	Vibrance	ui-vibrance-3ff37da63ba389ed
	Vibrance…	ui-vibrance-cfb1caeb0232e973
	Video	ui-video-bdb27e5d914ef9e2
	Video Cache	ui-video-cache-dfde103cd0f4c9e4
	Video Frames to Layers…	ui-video-frames-to-layers-242bdb73fa9aef17
	Video Layers	ui-video-layers-9d10c8bfec1f7688
	View	ui-view-c2ea750b659102ca
	View Options	ui-view-options-b92a3701e2c81690
	View menu	ui-view-menu-4e213ac9510a7cb1
	Vignetting	ui-vignetting-fb47c91b049cbe4a
	Violet, Orange	ui-violet-orange-8d5548d2947ea07a
	Visibility	ui-visibility-9c5e3cc2b47c1d7b
	Visible	ui-visible-6c7c9b94e39ddda3
	Vivid Light	ui-vivid-light-c12afaa413b5fcb1
	Vulkan	ui-vulkan-60c01fa3d069a9f0
	W	ui-w-08323107b4eadc18
	WIA Support…	ui-wia-support-f3d86cd3e89a31d7
	Wand	ui-wand-cff52c05b5d3f211
	Warp	ui-warp-cfcc3805b5b10161
	Warp Text…	ui-warp-text-c844cf13f98b8260
	Warp:	ui-warp-c9048cb3bbc54da1
	Water Paper	ui-water-paper-94b295607e53b2cc
	Watercolour look: lighter interior, darker rims.	ui-watercolour-look-lighter-interior-darker-955cea9a111d11a0
	Wave	ui-wave-cfda3b05b5bd43d6
	Wave…	ui-wave-a4a3a3f6a37669b6
	Web	ui-web-5ce3857df419807f
	Web Color	ui-web-color-dc206fab83b1da60
	Web Large	ui-web-large-81e297b9ef857bdc
	Web Minimum	ui-web-minimum-b930bf6724fea4af
	Web Most Common	ui-web-most-common-e8e8ccfd726d14cf
	Web Photo Gallery…	ui-web-photo-gallery-d4ed61babd3cd4b7
	Web Snap	ui-web-snap-884fd96266ae5e55
	WebP (lossless)	ui-webp-lossless-dc98224e6c0f4366
	Webp	ui-webp-f01be405c754997d
	Weight	ui-weight-e6eb0aa2c1bdd33b
	Weight:	ui-weight-1f36138f358d8ab3
	Wet	ui-wet-5ce3937df4199849
	Wet Edges	ui-wet-edges-30d6ba98ff146e5f
	Wetness Jitter	ui-wetness-jitter-db05c65ded9af878
	White	ui-white-bed13266c4c1f028
	White Balance: As Shot	ui-white-balance-as-shot-7a2ad0385cd5067e
	Whites	ui-whites-ff68ffa0558b6aa1
	Wide Gamut RGB	ui-wide-gamut-rgb-dec618303218b809
	Width	ui-width-8a3f14717826d8d1
	Width and Height	ui-width-and-height-ac0eca0c803cf79f
	Width:	ui-width-1008a7cf2a029751
	Window	ui-window-1acc96ffa6a531df
	Windows	ui-windows-2ed640682ab36744
	Windows LCD	ui-windows-lcd-922a735a79aede27
	Wind…	ui-wind-b12faa6ab92f35ff
	Word Spacing	ui-word-spacing-ad80fd8a5224be2a
	Work Path	ui-work-path-8fc12aefadb50b35
	Working Black Plate	ui-working-black-plate-d60fdc7838eca221
	Working CMY Plate	ui-working-cmy-plate-cce2fa074b0f1555
	Working CMYK	ui-working-cmyk-47f33791422610f6
	Working Cyan Plate	ui-working-cyan-plate-6e18042607a54815
	Working Gray Plate	ui-working-gray-plate-d62dbedd4071910d
	Working Magenta Plate	ui-working-magenta-plate-c18c7e7a95c483e1
	Working Space	ui-working-space-fb7ac6da9d23906c
	Working Spaces	ui-working-spaces-75300479036de4ad
	Working Yellow Plate	ui-working-yellow-plate-0accdb787f452fde
	Working…	ui-working-37c6c1ba9c445816
	Workspace	ui-workspace-654419423126d8e4
	Workspace…	ui-workspace-807fbd6866246d70
	World ready	ui-world-ready-3d73486af33f4936
	X	ui-x-08323007b4eada65
	Y	ui-y-08322f07b4ead8b2
	Yellow	ui-yellow-e413e599fa6cfabb
	Yellow  ·  Blue	ui-yellow-blue-cbeeae4c68dac970
	Yellows	ui-yellows-fac9eca4872e21d8
	ZigZag…	ui-zigzag-94a0099b3ab21911
	Zoom	ui-zoom-e5becce8b6372d80
	Zoom In	ui-zoom-in-ef681cbd20e1983f
	Zoom Out	ui-zoom-out-e26d105efbe0d9e4
	Zoom Tool	ui-zoom-tool-29d5178fea89df7a
	Zoom clicked point to center	ui-zoom-clicked-point-to-center-42fed3c3d62395a1
	Zoom in	ui-zoom-in-eefb1cbd2084c65f
	Zoom out	ui-zoom-out-cc64f05e5e298084
	Zoom resizes windows	ui-zoom-resizes-windows-2999986d7b506a18
	Zoom with scroll wheel	ui-zoom-with-scroll-wheel-405e9e1a41be72fa
	Zoom with trackpad pinch	ui-zoom-with-trackpad-pinch-40fe5f36f9b286c4
	command or shortcut	ui-command-or-shortcut-fcc08c926901cc39
	current	ui-current-3a9c9b05372393f0
	iMac 24"	ui-imac-24-58672a50459baf71
	iPad Pro 13"	ui-ipad-pro-13-414b497b4a1124f2
	iPhone 16	ui-iphone-16-3e1742008a568919
	iPhone 16 Pro Max	ui-iphone-16-pro-max-9ff9cfce4e22f6d8
	image file path	ui-image-file-path-6bff5018fe884d45
	modified	ui-modified-63f55ef89a7bfa7c
	name	ui-name-077d2c59054ee61c
	new	ui-new-be4f217ebbcb229f
	sRGB	ui-srgb-7688602f161704c7
	sRGB IEC61966-2.1	ui-srgb-iec61966-2-1-0659b1eb95253d52
	shortcut	ui-shortcut-0f64c2be41c459ed
	{added}, {removed} subtracted	ui-added-removed-subtracted-ac2a61355305ef3e
	{key} to subtract	ui-key-to-subtract-027f308b47a830c5
	{key}-click to set the source	ui-key-click-to-set-the-source-0deb26f85a333c60
	{mode} Color · {bits} bit	ui-mode-color-bits-bit-91d967615006031b
	{name} Properties	ui-name-properties-5e4cf3189af3bfd7
	{name} options	ui-name-options-7816ca8286c5a7c4
	{w} px x {h} px ({ppi} ppi)	ui-w-px-x-h-px-ppi-ppi-f39b3b63ddbf7b05
	{zoom}%	ui-zoom-1cb440cd80187719
	↑↓ navigate   {key} run   esc close	ui-navigate-key-run-esc-close-0f462e9bf5c4c7e5
	↑↓ navigate   ↵ run   esc close	ui-navigate-run-esc-close-d45363cf151f1d0d
@id	edit.purge.undo	cmd-edit-purge-undo
@id	edit.stroke	cmd-edit-stroke
@id	edit.transform.scale	cmd-edit-transform-scale
@id	select.all	cmd-select-all
@plural	Group · {n} layer|Group · {n} layers	ui-group-n-layer-933d0355e5a9c3e0
@plural	{n} Layer|{n} Layers	ui-n-layer-6a014063d1b0623a
@plural	{n} item|{n} items	ui-n-item-99440f1f340afe24
@plural	{n} layer|{n} layers	ui-n-layer-f520c9fe45def07a
@plural	{n} sample|{n} samples	ui-n-sample-acabde1f0ec32656
